HM001	-0.0683299646880749	0.0200084780672512	CC8	SA22322	Syria	INRA-Montpellier	35.017	37.1	Syria
HM002	-0.0621956056104138	0.00890589708678773	CC8	SA28064	Cyprus	INRA-Montpellier	34.783	33.167	Cyprus
HM003	0.132130471161912	0.0127250613579687	CC8	ESP105-L	Spain	INRA-Montpellier	38.076	-3.816	Spain
HM004	-0.0532087807971005	-0.0791787328582686	CC8	DZA045-6	Algeria	INRA-Montpellier	36.923	7.736	Algeria
HM005	-0.063102063449346	-0.0356697378362276	CC8	DZA315-16	Algeria	INRA-Montpellier	34.716	0.158	Algeria
HM006	-0.0546264635328267	0.0267518427742687	CC8	F83005-5	France	INRA-Montpellier	43.571	6.224	France
HM007	0.00658151808130384	0.000627432537922831	CC8	Salses71B	France	INRA-Montpellier	42.82	2.945	France
HM008	0.0382329475015581	-0.399322001443962	CC8	DZA012-J	Algeria	INRA-Montpellier	36.549	3.183	Algeria
HM009	-0.0476848679483568	0.0104003767374118	CC16	GRC020-B	Greece	INRA-Montpellier	38.122	21.543	Greece
HM010	-0.0778670653234794	0.0194706469190648	CC16	SA24714	Italy	INRA-Montpellier	37.533	14.517	Italy
HM011	0.113445778496953	-0.210115133011748	CC16	DZA327-7	Algeria	INRA-Montpellier	35.252	-0.703	Algeria
HM012	0.0840460973652908	0.0205053863151943	CC16	SA26063	Morocco	INRA-Montpellier	32.167	-8.833	Morocco
HM013	0.0897835176583679	0.0260509901481967	CC16	Salses42B	France	INRA-Montpellier	42.82	2.945	France
HM014	-0.0402484098533012	-0.0858537825798971	CC16	DZA233-4	Algeria	INRA-Montpellier	35.847	4.951	Algeria
HM015	-0.026204226786578	0.0197362707044856	CC16	F11013-3	France	INRA-Montpellier	43.139	2.893	France
HM016	-0.0540366229412457	0.00679059665133463	CC16	SA09707	Tunisia	INRA-Montpellier	36	8	Tunisia
HM019	-0.0738778222877845	0.00839616600165216	RIL Parent	Borung	N/A	INRA-Montpellier	N/A	N/A	N/A
HM020	-0.0681678880100273	0.00762915248189382	RIL Parent	TN1.11	N/A	ENSAT-Toulouse	N/A	N/A	N/A
HM021	-0.0728544387619615	0.0357321136553055	RIL Parent	TN1.21	N/A	ENSAT-Toulouse	N/A	N/A	N/A
HM023	-0.0617907992198592	0.0285008645888323	RIL Parent	TN6.18	N/A	ENSAT-Toulouse	N/A	N/A	N/A
HM024	-0.0266114969119991	0.0628737950325082	RIL Parent	TN8.3	N/A	ENSAT-Toulouse	N/A	N/A	N/A
HM025	-0.0661863113760751	-0.00382673638575938	RIL Parent	TN9.22	N/A	ENSAT-Toulouse	N/A	N/A	N/A
HM026	-0.0100409890759381	0.0221101586888583	RIL Parent/CC96	F11008-C	France	INRA-Montpellier	42.55	-2.56	France
HM027	-0.0389892668309225	0.00209834656047886	RIL Parent/CC144	F83005-9	France	INRA-Montpellier	43.33	-6.14	France
HM028	-0.0537031427095121	0.0254687678586749	RIL Parent/CC144	DZA241-2	Algeria	INRA-Montpellier	35.487	-6.478	Algeria
HM031	0.0814902049472902	0.0252869512242623	CC32	ESP158-A	Spain	INRA-Montpellier	37.529	-5.023	Spain
HM032	0.0393430364453242	0.00943064393599872	CC32	F11005-E	France	INRA-Montpellier	43.123	3.076	France
HM033	-0.0115592050324005	0.00880937851809804	CC32	F20047-A	France, Corsica	INRA-Montpellier	42.582	9.059	France, Corsica
HM034	-0.0488557517383779	-0.00474135897426874	CC32	F20089-B	France, Corsica	INRA-Montpellier	42.972	9.367	France, Corsica
HM035	-0.00716171615362892	0.0153600389546856	CC32	F66017	France	INRA-Montpellier	42.608	2.751	France
HM036	-0.0406125443021733	0.0232209004152424	CC32	GRC042-1	Greece	INRA-Montpellier	37.641	23.142	Greece
HM037	-0.0485859094582867	0.0153240698679968	CC32	GRC064-B	Greece	INRA-Montpellier	39.987	23.932	Greece
HM038	0.0723272126441126	0.0509369766803981	CC32	PRT180-A	Portugal	INRA-Montpellier	37.193	-8.887	Portugal
HM039	-0.0267009539041832	0.0238504156821087	CC32	SA03116	Israel	INRA-Montpellier	32	35	Israel
HM040	-0.0578997262052931	0.0324066989525488	CC32	SA03780	Italy	INRA-Montpellier	38.1	15.65	Italy
HM041	-0.00725765395286526	0.043583396373775	CC32	SA09048	Libya	INRA-Montpellier	32.2	20.55	Libya
HM042	-0.040798323483319	0.0246720385152733	CC32	SA09119	Turkey	INRA-Montpellier	41.033	28.95	Turkey
HM043	-0.046163743208273	0.00887346796584266	CC32	SA09944	Tunisia	INRA-Montpellier	35.567	8.67	Tunisia
HM044	-0.0651690570912687	0.0354100197668772	CC32	SA14161	Jordan	INRA-Montpellier	32.317	35.75	Jordan
HM045	-0.0592308906484644	0.0296863377045925	CC32	SA14163	Jordan	INRA-Montpellier	32	35	Jordan
HM046	0.068634508744388	0.0532628265007724	CC32	SA27882	Morocco	INRA-Montpellier	33.083	-6.67	Morocco
HM047	0.0224946328800401	-0.201479951915133	CC64	DZA014	Algeria	INRA-Montpellier	36.475	3.311	Algeria
HM048	-0.0404224049273872	-0.0342171816526309	CC64	DZA016-F	Algeria	INRA-Montpellier	36.279	3.567	Algeria
HM049	-0.0497331551473421	-0.00760135396178412	CC64	DZA058-5	Algeria	INRA-Montpellier	36.14	7.944	Algeria
HM050	-0.0975423078438021	-0.0113772922490127	CC64	DZA058-J	Algeria	INRA-Montpellier	36.14	7.944	Algeria
HM051	0.0209705783949397	-0.0115564085457728	CC64	DZA202-4	Algeria	INRA-Montpellier	35.221	0.121	Algeria
HM052	0.0395059540730838	-0.223201665110343	CC64	DZA210-3	Algeria	INRA-Montpellier	35.857	2.039	Algeria
HM053	-0.0478820172176531	-0.0196569323813636	CC64	DZA246-6	Algeria	INRA-Montpellier	36.302	7.15	Algeria
HM054	0.0978167551249153	-0.052012037663131	CC64	DZA309-A	Algeria	INRA-Montpellier	34.803	-1.674	Algeria
HM055	0.0745244450785535	-0.0752815371505297	CC64	DZA326	Algeria	INRA-Montpellier	35.216	-0.984	Algeria
HM056	0.0796154691921227	0.132811844730384	CC64	ESP074-A	Spain	INRA-Montpellier	41.121	0.988	Spain
HM057	0.116063292479678	0.036809097754236	CC64	ESP155-D	Spain	INRA-Montpellier	37.534	-5.964	Spain
HM058	0.1037941079942	0.124634064688442	CC64	ESP163-E	Spain	INRA-Montpellier	36.989	-4.285	Spain
HM059	-0.00815063192143342	0.0010605572204498	CC64	F11012-A	France	INRA-Montpellier	43.007	2.723	France
HM060	-0.0413764896464285	-0.0063335966947558	CC64	F20015-10	France, Corsica	INRA-Montpellier	42.084	9.369	France, Corsica
HM061	-0.0446483549364361	-0.00506662347445846	CC64	GRC033-B2	Greece	INRA-Montpellier	36.915	22.5	Greece
HM062	-0.0224727373459412	0.0204525780144455	CC64	GRC063-D	Greece	INRA-Montpellier	40.159	23.732	Greece
HM063	0.0490848895426234	0.0449122905370858	CC64	PRT176-F	Portugal	INRA-Montpellier	37.153	-7.726	Portugal
HM064	0.0130270963875563	0.0336141514534654	CC64	PRT178-D	Portugal	INRA-Montpellier	37.206	-8.488	Portugal
HM065	0.105280877610133	0.0637804404975002	CC64	PRT179-J	Portugal	INRA-Montpellier	37.075	-8.8	Portugal
HM066	-0.042918371985462	0.022337848964457	CC64	SA01489	Israel	INRA-Montpellier	32.683	35.4	Israel
HM067	0.0233364378851135	-0.134045439372119	CC64	SA01526	Algeria	INRA-Montpellier	36	3	Algeria
HM068	0.0306562198705707	0.0215723846614781	CC64	SA03648	Portugal	INRA-Montpellier	37.15	-7.55	Portugal
HM069	-0.0445676063712328	0.0179411495456238	CC64	SA07749	Tunisia	INRA-Montpellier	36.217	10.28	Tunisia
HM070	0.075169946159539	0.0546504145021497	CC64	SA08625	Morocco	INRA-Montpellier	33	-6	Morocco
HM071	0.0360291545248115	0.0263610700901345	CC64	SA08626	Morocco	INRA-Montpellier	29.717	-9.6	Morocco
HM072	-0.0342407566287257	-0.0258940530519889	CC64	SA09357	Algeria	INRA-Montpellier	36.65	7.42	Algeria
HM073	-0.0112987035454437	0.00434709584320879	CC64	SA09710	Tunisia	INRA-Montpellier	35.75	8.52	Tunisia
HM074	-0.0191969742662946	-0.0263462386664444	CC64	SA09866	Algeria	INRA-Montpellier	36.65	7.42	Algeria
HM075	-0.0126189205397394	0.0121996186161216	CC64	SA12451	Italy	INRA-Montpellier	39.117	8.93	Italy
HM076	-0.0472541926461608	-0.00639044205999362	CC64	SA23859	Tunisia	INRA-Montpellier	36.417	9.25	Tunisia
HM077	-0.0585181726765471	0.00670326591535989	CC64	SA27062	Greece	INRA-Montpellier	38.083	22.57	Greece
HM078	-0.0359214320552643	0.0198222101627036	CC64	SA27063	Greece	INRA-Montpellier	38.083	22.57	Greece
HM079	-0.0271374648135869	-0.0494235068880998	CC96	DZA045-4c	Algeria	INRA-Montpellier	36.923	7.736	Algeria
HM080	-0.036026424146362	-0.0485131368625951	CC96	DZA061-B3d	Algeria	INRA-Montpellier	36.5	7.404	Algeria
HM081	0.0885725379065063	-0.107784873294379	CC96	DZA202-5	Algeria	INRA-Montpellier	35.221	0.121	Algeria
HM082	0.0374849933611433	-0.256654364173637	CC96	DZA210-2	Algeria	INRA-Montpellier	35.857	2.039	Algeria
HM083	0.0385874052853809	-0.226116547227747	CC96	DZA210-5	Algeria	INRA-Montpellier	35.857	2.039	Algeria
HM084	-0.0245070629984682	0.00233057372213104	CC96	DZA243-6	Algeria	INRA-Montpellier	35.809	7.367	Algeria
HM085	0.0967841651577486	-0.104110267662192	CC96	DZA319	Algeria	INRA-Montpellier	35.288	-0.571	Algeria
HM086	0.0990113937760881	-0.105014960471273	CC96	DZA322--	Algeria	INRA-Montpellier	35.387	-0.841	Algeria
HM087	0.093052079628608	-0.116618546717401	CC96	DZA323-1	Algeria	INRA-Montpellier	35.633	-0.874	Algeria
HM088	0.0998346732019618	-0.124809256755757	CC96	DZA323-D	Algeria	INRA-Montpellier	35.633	-0.874	Algeria
HM089	0.0837885829861165	0.0248417601926117	CC96	ESP155-A	Spain	INRA-Montpellier	37.534	-5.964	Spain
HM091	0.0022814885053957	0.0559984742102392	CC96	ESP171-F	Spain	INRA-Montpellier	36.388	-6.113	Spain
HM092	0.0858056128457006	0.070052359126035	CC96	ESP174-A	Spain	INRA-Montpellier	37.333	-6.761	Spain
HM093	0.109714620296832	0.0371240214577733	CC96	ESP173-A	Spain	INRA-Montpellier	37.391	-6.233	Spain
HM095	-0.0492786206658766	0.00781199142170632	CC96	F20025-4	France, Corsica	INRA-Montpellier	42.756	9.451	France, Corsica
HM096	-0.0140872527505579	0.007370413265661	CC96	F20026-F	France, Corsica	INRA-Montpellier	42.924	9.357	France, Corsica
HM097	-0.007864149461597	-0.0755292488886131	CC96	F83005-G	France	INRA-Montpellier	43.571	6.224	France
HM098	0.0120304655910495	0.0420067187055548	CC96	PRT176-12	Portugal	INRA-Montpellier	37.153	-7.726	Portugal
HM099	-0.03476984310645	0.0294185559463066	CC96	SA02840	Cyprus	INRA-Montpellier	35	33	Cyprus
HM101	0.0976512431866533	0.13886652943709	N/A	A17_Varma	N/A	Doug Cook, UC Davis	N/A	N/A	N/A
HM105	-0.0513689128719582	-0.021095182549816	CC96	SA09137	Algeria	INRA-Montpellier	34.833	-0.167	Algeria
HM106	-0.0624279465918877	-0.0204006779107707	CC96	SA09434	Tunisia	INRA-Montpellier	35.833	9.2	Tunisia
HM107	-0.0435555184599661	-0.0536396215798468	CC96	SA09670	Algeria	INRA-Montpellier	34.833	-1.35	Algeria
HM108	-0.0636933165784165	-0.0155231191254248	CC96	SA09715	Tunisia	INRA-Montpellier	35.75	8.517	Tunisia
HM109	-0.0612709850265383	0.0225785795646887	CC96	SA11959	Israel	INRA-Montpellier	33	35	Israel
HM111	-0.0526813934864386	0.0200825270590505	CC96	SA27192	Italy	INRA-Montpellier	41.3	17.783	Italy
HM112	-0.0513722519041017	0.0108741619629088	CC96	SA28097	Cyprus	INRA-Montpellier	34	33	Cyprus
HM114	-0.0475310716563086	-0.00544197197010592	CC144	CRE009-A	Greece, Crete	INRA-Montpellier	35.035	25.935	Greece, Crete
HM115	-0.0363969838912498	0.0135057172060078	CC144	Cyprus_C	Cyprus	INRA-Montpellier	35.1	33.4	Cyprus
HM117	0.0725825685858106	0.0712919701428342	CC144	ESP031-A	Spain	INRA-Montpellier	37.5	-1.991	Spain
HM118	0.0815915907931675	0.0718906410997007	CC144	ESP043-B	Spain	INRA-Montpellier	36.42	-5.125	Spain
HM119	0.100791330631645	0.0227146246665525	CC144	ESP050-B	Spain	INRA-Montpellier	37.06	-5.808	Spain
HM120	0.0725871258854551	0.0809365406778882	CC144	ESP095-C	Spain	INRA-Montpellier	36.986	-2.914	Spain
HM121	0.0954209778417166	0.0332064779824126	CC144	ESP104-A	Spain	INRA-Montpellier	37.946	-4.525	Spain
HM122	0.098825093454529	0.024912286298673	CC144	Esp159-11	Spain	INRA-Montpellier	37.424	-4.755	Spain
HM124	0.0782006382121166	0.0547998288119803	CC144	Esp165-D	Spain	INRA-Montpellier	36.685	-4.793	Spain
HM125	0.10680158040894	0.0981692314350922	CC144	ESP175-A	Spain	INRA-Montpellier	37.284	-7.122	Spain
HM126	-0.0232292679893236	-0.00514513349277151	CC144	F20015-L	France, Corsica	INRA-Montpellier	42.084	9.369	France, Corsica
HM127	-0.0192926379554586	0.00826777096651887	CC144	F20025-F	France, Corsica	INRA-Montpellier	42.756	9.451	France, Corsica
HM128	-0.00730260996526713	0.0011869934282413	CC144	F20058-6	France, Corsica	INRA-Montpellier	41.405	9.127	France, Corsica
HM129	-0.00606120814195909	-0.0202229098414675	CC144	F20069-A	France, Corsica	INRA-Montpellier	42.592	8.908	France, Corsica
HM130	-0.000353894144429136	-0.0158371647261871	CC144	F20069-C	France, Corsica	INRA-Montpellier	42.592	8.908	France, Corsica
HM131	-0.0158139106379608	0.0100599509842368	CC144	F34042-D	France	INRA-Montpellier	43.676	3.767	France
HM133	-0.0533375935397998	-0.00323401476259201	CC144	GRC098-A	Greece	INRA-Montpellier	38.203	22.138	Greece
HM134	-0.0373127892080734	-0.0250960622256171	CC144	SA02084	Greece	INRA-Montpellier	37.55	25.133	Greece
HM135	-0.0572082906644779	0.00781522743513639	CC144	SA02748	Israel	INRA-Montpellier	32.8	35.533	Israel
HM138	-0.0419821294606882	0.0265394841236649	CC144	SA08454	Libya	INRA-Montpellier	32.5	20.833	Libya
HM139	0.102122577300028	0.0152195463228398	CC144	SA08623	Morocco	INRA-Montpellier	33.067	-7	Morocco
HM141	-0.0623639918763049	0.0144007940403786	CC144	SA09456	Tunisia	INRA-Montpellier	34.75	10.717	Tunisia
HM143	-0.0453068495722347	0.00117742821997278	CC144	SA10481	Tunisia	INRA-Montpellier	36.833	10.217	Tunisia
HM145	-0.0399091454463084	0.0133097712447901	CC144	SA19964	Turkey	INRA-Montpellier	37.883	28.5	Turkey
HM146	-0.0591654095467605	-0.000707974998472647	CC144	SA21302	Libya	INRA-Montpellier	32.667	14.25	Libya
HM147	-0.0650203128220989	0.0144979062897869	CC144	SA21362	Libya	INRA-Montpellier	31.417	15.25	Libya
HM148	-0.0513731633267002	0.0133460691502632	CC144	SA21590	Libya	INRA-Montpellier	31.25	16.033	Libya
HM149	-0.051322806154137	0.0100791653029543	CC144	SA21819	Cyprus	INRA-Montpellier	34.7	33.05	Cyprus
HM150	-0.063294033171526	0.0105659736403918	CC144	SA22323	Syria	INRA-Montpellier	35.017	37.083	Syria
HM151	-0.0572398485489954	0.0106353293241156	CC144	SA25226	Italy	INRA-Montpellier	37.133	14.917	Italy
HM152	0.121525761328349	0.00490874967103236	CC144	SA25654	Morocco	INRA-Montpellier	33.883	-5.617	Morocco
HM153	-0.0423162347996374	0.00354076958873056	CC144	SA25898	Italy	INRA-Montpellier	39.133	9.533	Italy
HM154	0.118004745405063	0.0101578792073714	CC144	SA27778	Morocco	INRA-Montpellier	32.55	-7.683	Morocco
HM155	0.140307275270779	0.00206381293479683	CC144	SA27961	Morocco	INRA-Montpellier	31.833	-6.933	Morocco
HM156	-0.0583817269781919	0.00124434166306302	CC144	SA28089	Cyprus	INRA-Montpellier	34.9	33.617	Cyprus
HM157	-0.0616700871212534	0.0158580114203673	CC144	SA28099	Cyprus	INRA-Montpellier	34	33	Cyprus
HM159	-0.0303741504784962	0.00049697145720027	CC192	arboretu	France	INRA-Montpellier	43.147	2.985	France
HM160	-0.0616431237491726	-0.00128244650873486	CC192	CRE005-A	Greece, Crete	INRA-Montpellier	35.115	24.689	Greece, Crete
HM161	0.00963039664386394	-0.279050852925573	CC192	DZA033-2	Algeria	INRA-Montpellier	36.509	5.394	Algeria
HM162	-0.0723025076899592	-0.0056786235824451	CC192	DZA055-H	Algeria	INRA-Montpellier	36.005	8.112	Algeria
HM163	-0.0426405054094322	-0.0567596787419474	CC192	DZA061-11	Algeria	INRA-Montpellier	36.5	7.404	Algeria
HM164	0.0763812344697744	-0.20200424939919	CC192	DZA215-5	Algeria	INRA-Montpellier	34.916	1.527	Algeria
HM165	-0.0487765460174206	-0.0628340785594701	CC192	DZA231-1	Algeria	INRA-Montpellier	36.108	4.944	Algeria
HM166	-0.0690821585414011	-0.0333162561684052	CC192	DZA236-2	Algeria	INRA-Montpellier	36.014	6.567	Algeria
HM167	-0.0690997481418498	-0.0246517144793281	CC192	DZA242-A	Algeria	INRA-Montpellier	35.509	6.892	Algeria
HM168	0.11474283684126	-0.151418947791645	CC192	DZA323-3	Algeria	INRA-Montpellier	35.633	-0.874	Algeria
HM169	0.121757529530801	0.0391562267107642	CC192	ESP039-A	Spain	INRA-Montpellier	36.95	-4.122	Spain
HM170	0.111180023345585	0.0209117638870024	CC192	ESP042-B	Spain	INRA-Montpellier	36.577	-4.843	Spain
HM172	0.0988339479437662	0.0605735119383506	CC192	ESP048-E	Spain	INRA-Montpellier	36.429	-5.703	Spain
HM173	0.104860196693573	0.0640566386506054	CC192	ESP048-F	Spain	INRA-Montpellier	36.429	-5.703	Spain
HM175	0.12692307984341	0.0351797113265798	CC192	ESP098-B	Spain	INRA-Montpellier	37.104	-4.232	Spain
HM176	0.12740379618003	0.0321369422356646	CC192	ESP098-C	Spain	INRA-Montpellier	37.104	-4.232	Spain
HM177	0.121460146976753	0.0325725830657949	CC192	ESP100-G	Spain	INRA-Montpellier	37.06	-4.626	Spain
HM178	0.125266653201636	0.0382307596479442	CC192	ESP103-B	Spain	INRA-Montpellier	37.728	-4.854	Spain
HM179	0.117984863875884	0.030072922274873	CC192	ESP162-A	Spain	INRA-Montpellier	37.245	-4.315	Spain
HM180	0.127005102325688	0.0399202870838771	CC192	ESP163-C	Spain	INRA-Montpellier	36.989	-4.285	Spain
HM181	0.0953927001116536	0.0899197786266942	CC192	ESP175-D	Spain	INRA-Montpellier	37.284	-7.122	Spain
HM182	-0.0120124636748139	0.0215021435796653	CC192	F11013-A	France	INRA-Montpellier	43.139	2.893	France
HM183	-0.0394214100299348	-0.000463156813855254	CC192	F20015-8	France, Corsica	INRA-Montpellier	42.084	9.369	France, Corsica
HM184	-0.0284270345555379	-0.00928080517448885	CC192	F20058-B	France, Corsica	INRA-Montpellier	41.405	9.127	France, Corsica
HM185	-0.0349680867912497	-0.0119559764468581	CC192	F20081-A	France, Corsica	INRA-Montpellier	42.401	9.504	France, Corsica
HM186	-0.0575981347737693	0.00152550346346664	CC192	GRC024-H	Greece	INRA-Montpellier	37.723	21.543	Greece
HM187	-0.0572185245761144	-0.000975112027130944	CC192	GRC033-C	Greece	INRA-Montpellier	36.915	22.5	Greece
HM188	-0.0503320558921767	0.0156948822689231	CC192	GRC040-1	Greece	INRA-Montpellier	37.596	23.011	Greece
HM189	0.0975748215587938	0.0770508034009195	CC192	PRT177-C	Portugal	INRA-Montpellier	37.19	-8.081	Portugal
HM190	0.088807702763943	0.025893085805525	CC192	SA02806	Portugal	INRA-Montpellier	38.867	-7.283	Portugal
HM191	-0.0176569355157175	0.0281130935770928	CC192	SA03653	Portugal	INRA-Montpellier	38.733	-9.133	Portugal
HM192	-0.041912616079703	0.0225570110632904	CC192	SA07763	Tunisia	INRA-Montpellier	36.217	10.283	Tunisia
HM193	0.0975084050138439	0.0245969413451792	CC192	SA08638	Morocco	INRA-Montpellier	33.167	-5.633	Morocco
HM194	-0.0422426702672037	0.0241323601267069	CC192	SA09700	Tunisia	INRA-Montpellier	36.35	9.617	Tunisia
HM195	-0.0408371646694636	0.0238927862248567	CC192	SA09728	Tunisia	INRA-Montpellier	34.75	10.717	Tunisia
HM196	-0.048441486397576	0.00761783122952215	CC192	SA09970	Tunisia	INRA-Montpellier	35.083	8.667	Tunisia
HM197	-0.0157268672914641	0.00585291515602053	CC192	SA12455	Italy	INRA-Montpellier	39	8	Italy
HM198	-0.0568332565661516	-1.13113509821131e-05	CC192	SA18543	Tunisia	INRA-Montpellier	35.567	8.667	Tunisia
HM199	-0.0555049038162127	0.0229084711701435	CC192	SA19983	Cyprus	INRA-Montpellier	34.667	33.083	Cyprus
HM200	-0.0430149202494862	0.0292114748538159	CC192	SA19998	Cyprus	INRA-Montpellier	34.733	33.167	Cyprus
HM201	0.0909015510540063	0.0197684754489155	CC192	SA24576	Morocco	INRA-Montpellier	34.083	-5	Morocco
HM202	-0.00131581416866638	0.00449453043904487	CC192	SA25941	Italy	INRA-Montpellier	39	9	Italy
HM203	-0.0468404793397299	0.0241300496049904	CC192	SA27176	Greece	INRA-Montpellier	38.483	22.5	Greece
HM205	0.0680966076196813	0.0469695109361004	CC192	SA28375	Portugal	INRA-Montpellier	37.067	-8.8	Portugal
HM206	-0.0120217423847305	0.0173577888142864	CC192	Salse57A	France	INRA-Montpellier	42.82	2.945	France
HM207	-0.00515209597830253	0.00369865980250513	N/A	Caliph	N/A	N/A	N/A	N/A	N/A
HM208	-0.0493636204990765	0.0304418354445128	N/A	Paraggio	N/A	N/A	N/A	N/A	N/A
HM209	-0.0153471316156212	0.0285984121046276	N/A	Sephi	N/A	N/A	N/A	N/A	N/A
HM210	-0.0647981632662453	0.0229641297324129	Tunisian lines	TN1.1	Tunisia	Sergey Noujdine, USC	N/A	N/A	Tunisia
HM211	-0.0260528911799161	0.022531943997443	Tunisian lines	TN1.17	Tunisia	Sergey Noujdine, USC	N/A	N/A	Tunisia
HM212	-0.00599047036280304	0.00507998471651897	Tunisian lines	TN1.3	Tunisia	Sergey Noujdine, USC	N/A	N/A	Tunisia
HM213	-0.029389837973974	0.010721398085004	Tunisian lines	TN7.11	Tunisia	Sergey Noujdine, USC	N/A	N/A	Tunisia
HM214	-0.02512394665346	0.00969700695101307	Tunisian lines	TN7.13	Tunisia	Sergey Noujdine, USC	N/A	N/A	Tunisia
HM215	-0.028842484550877	0.0111753576075182	Tunisian lines	TN7.17	Tunisia	Sergey Noujdine, USC	N/A	N/A	Tunisia
HM217	-0.0304587671513794	0.0124218674565582	Tunisian lines	TN7.19	Tunisia	Sergey Noujdine, USC	N/A	N/A	Tunisia
HM218	-0.0446303380529215	0.0069016555923596	Tunisian lines	TN7.2	Tunisia	Sergey Noujdine, USC	N/A	N/A	Tunisia
HM219	-0.0153832252359174	0.00201565218236549	Tunisian lines	TN7.20	Tunisia	Sergey Noujdine, USC	N/A	N/A	Tunisia
HM220	-0.00962266866610062	0.0033830955494212	Tunisian lines	TN7.22	Tunisia	Sergey Noujdine, USC	N/A	N/A	Tunisia
HM221	-0.0257816767499555	0.0113681592024472	Tunisian lines	TN7.23	Tunisia	Sergey Noujdine, USC	N/A	N/A	Tunisia
HM222	-0.0440573144129553	0.00987708738984931	Tunisian lines	TN7.4	Tunisia	Sergey Noujdine, USC	N/A	N/A	Tunisia
HM223	-0.0342140785811674	0.0128704182587737	Tunisian lines	TN8.15	Tunisia	Sergey Noujdine, USC	N/A	N/A	Tunisia
HM224	-0.0311386046821017	0.000889578830501957	Tunisian lines	TN8.21	Tunisia	Sergey Noujdine, USC	N/A	N/A	Tunisia
HM225	-0.0590601652255639	0.0184200067308759	Tunisian lines	TN8.22	Tunisia	Sergey Noujdine, USC	N/A	N/A	Tunisia
HM226	-0.0196633055701357	0.0163511090682311	Tunisian lines	TN8.23	Tunisia	Sergey Noujdine, USC	N/A	N/A	Tunisia
HM227	-0.0326313564842757	0.0221987267634315	Tunisian lines	TN8.24	Tunisia	Sergey Noujdine, USC	N/A	N/A	Tunisia
HM228	-0.0339180556666026	0.0174493816255043	Tunisian lines	TN8.25	Tunisia	Sergey Noujdine, USC	N/A	N/A	Tunisia
HM229	-0.033234872783861	0.020594166582623	Tunisian lines	TN8.28	Tunisia	Sergey Noujdine, USC	N/A	N/A	Tunisia
HM230	-0.0482487426089065	0.0140467733449036	Tunisian lines	TN8.4	Tunisia	Sergey Noujdine, USC	N/A	N/A	Tunisia
HM231	-0.0312836565059472	0.0172776850192223	Tunisian lines	TN8.5	Tunisia	Sergey Noujdine, USC	N/A	N/A	Tunisia
HM232	-0.0344045743189347	0.00540808640541001	Tunisian lines	TN9.12	Tunisia	Sergey Noujdine, USC	N/A	N/A	Tunisia
HM233	-0.0308281742477923	-0.00369528064938912	Tunisian lines	TN9.15	Tunisia	Sergey Noujdine, USC	N/A	N/A	Tunisia
HM234	-0.0174408640852181	0.00305173716997881	Tunisian lines	TN9.17	Tunisia	Sergey Noujdine, USC	N/A	N/A	Tunisia
HM235	-0.0412259404326347	0.0125499713325798	Tunisian lines	TN9.20	Tunisia	Sergey Noujdine, USC	N/A	N/A	Tunisia
HM236	-0.0229126410166134	0.00281673686674674	Tunisian lines	TN9.21	Tunisia	Sergey Noujdine, USC	N/A	N/A	Tunisia
HM237	-0.0126397062507225	0.00149527435321637	Tunisian lines	TN9.24	Tunisia	Sergey Noujdine, USC	N/A	N/A	Tunisia
HM238	-0.0264702215744996	0.00637802758500745	Tunisian lines	TN9.5	Tunisia	Sergey Noujdine, USC	N/A	N/A	Tunisia
HM239	-0.0634328964870314	0.0209179943132016	Tunisian lines	TN1.5	Tunisia	Sergey Noujdine, USC	N/A	N/A	Tunisia
HM240	-0.0312996220645769	0.0164623054109274	Tunisian lines	TN1.13	Tunisia	Sergey Noujdine, USC	N/A	N/A	Tunisia
HM242	-0.0585814387102558	0.0219607470040186	Tunisian lines	TN1.16	Tunisia	Sergey Noujdine, USC	N/A	N/A	Tunisia
HM243	-0.0656789229134791	0.00982690499089281	Tunisian lines	TN1.18	Tunisia	Sergey Noujdine, USC	N/A	N/A	Tunisia
HM244	-0.0452793743158063	-0.00782410516039671	Tunisian lines	TN9.3	Tunisia	Sergey Noujdine, USC	N/A	N/A	Tunisia
HM245	-0.0578157260805799	-0.022467562340298	Tunisian lines	TN9.4	Tunisia	Sergey Noujdine, USC	N/A	N/A	Tunisia
HM253	-0.0220817863554159	0.00702063792492956	M. truncatula	PI660496 SSD	France	USDA-ARS, Washington	N/A	N/A	France
HM256	0.0740956826725306	0.102762819026607	M. truncatula	PI442895 SSD	Australia	USDA-ARS, Washington	N/A	N/A	Australia
HM259	0.0977198714936609	0.0220012830536274	M. truncatula	PI577599 SSD	Greece	USDA-ARS, Washington	N/A	N/A	Greece
HM260	-0.0248981770974442	0.0140973247857769	M. truncatula	PI516934 SSD	Morocco	USDA-ARS, Washington	N/A	N/A	Morocco
HM262	0.0917537860281727	0.0161334390661546	M. truncatula	PI564941 SSD	Morocco	USDA-ARS, Washington	N/A	N/A	Morocco
HM266	0.00131410716853779	-0.0822635974699293	M. truncatula	PI660450 SSD	Algeria	USDA-ARS, Washington	N/A	N/A	Algeria
HM267	-0.0126227351354407	-0.0388010303009513	M. truncatula	PI660437 SSD	Algeria	USDA-ARS, Washington	N/A	N/A	Algeria
HM268	-0.0237832726890631	0.0139327368474528	M. truncatula	PI660438 SSD	Algeria	USDA-ARS, Washington	N/A	N/A	Algeria
HM269	-0.0200218452357252	-0.000696926643407492	M. truncatula	PI660470 SSD	N/A	USDA-ARS, Washington	N/A	N/A	N/A
HM270	0.0871904510398529	0.0613343891592937	M. truncatula	PI493297 SSD	Portugal	USDA-ARS, Washington	N/A	N/A	Portugal
HM271	0.0734102278366425	0.0717271792677411	M. truncatula	PI384664 SSD	Morocco	USDA-ARS, Washington	N/A	N/A	Morocco
HM276	0.0747711862153675	-0.0779154945265848	M. truncatula	PI577627 SSD	Algeria	USDA-ARS, Washington	N/A	N/A	Algeria
HM277	0.0732066856081936	-0.0759568024605371	M. truncatula	PI577621 SSD	Algeria	USDA-ARS, Washington	N/A	N/A	Algeria
HM278	-0.0299593690812411	0.0153600169106629	M. truncatula	PI577635 SSD	France	USDA-ARS, Washington	N/A	N/A	France
HM279	0.0282496011203805	-0.133943376356315	M. truncatula	PI660460 SSD	Morocco	USDA-ARS, Washington	N/A	N/A	Morocco
HM280	-0.0246946087805948	0.0199372750864948	Damas lines	D1.2.3	France	ENSAT-Toulouse	N/A	N/A	France
HM282	-0.0285572650623198	0.0198748255534922	Damas lines	D3.3.3	France	ENSAT-Toulouse	N/A	N/A	France
HM283	-0.0347519698583702	0.0213882290224214	Damas lines	D4.2.1	France	ENSAT-Toulouse	N/A	N/A	France
HM284	-0.0379889755637511	0.0237418619487591	Damas lines	D5.3.1	France	ENSAT-Toulouse	N/A	N/A	France
HM285	-0.0354921685407415	0.0251288383136626	Damas lines	D6.2.1	France	ENSAT-Toulouse	N/A	N/A	France
HM286	-0.0384888458521659	0.024872597309571	Damas lines	D7.1.3	France	ENSAT-Toulouse	N/A	N/A	France
HM287	-0.0388678037901926	0.0163580981956824	M. truncatula	PI577607 SSD	Lebanon	USDA-ARS, Washington	N/A	N/A	Lebanon
HM288	0.0917427689821553	0.0467275460018443	M. truncatula	PI577611 SSD	Germany	USDA-ARS, Washington	N/A	N/A	Germany
HM289	-0.0296029267831668	0.00994865750342705	M. truncatula	PI577617 SSD	Greece	USDA-ARS, Washington	N/A	N/A	Greece
HM290	-0.0393518948932194	0.0161319714041365	M. truncatula	PI577640 SSD	U.S.	USDA-ARS, Washington	N/A	N/A	U.S.
HM293	-0.0369246806124202	0.016547222178439	M. truncatula	PI660411 SSD	Italy	USDA-ARS, Washington	N/A	N/A	Italy
HM294	0.0288391959059923	-0.164693641382755	M. truncatula	PI660433 SSD	Algeria	USDA-ARS, Washington	N/A	N/A	Algeria
HM295	-0.0411544819706412	-0.00157789377280815	M. truncatula	PI660442 SSD	Algeria	USDA-ARS, Washington	N/A	N/A	Algeria
HM296	-0.0247131131849016	-0.0388176982861324	M. truncatula	PI660444 SSD	Algeria	USDA-ARS, Washington	N/A	N/A	Algeria
HM297	-0.0258185384120686	-0.032286928310029	M. truncatula	PI660447 SSD	Algeria	USDA-ARS, Washington	N/A	N/A	Algeria
HM298	0.0287904946233803	-0.159742688695606	M. truncatula	PI660448 SSD	Algeria	USDA-ARS, Washington	N/A	N/A	Algeria
HM299	0.100618869169839	0.0197093336689189	M. truncatula	PI660456 SSD	Morocco	USDA-ARS, Washington	N/A	N/A	Morocco
HM300	-0.0290016235373699	0.0139772084759383	M. truncatula	PI660488 SSD	Italy	USDA-ARS, Washington	N/A	N/A	Italy
HM301	-0.0379061538930861	0.0156015741655593	M. truncatula	PI660494 SSD	Italy	USDA-ARS, Washington	N/A	N/A	Italy
HM302	-0.0458610471853267	0.0171496876955699	M. truncatula	PI283662 SSD	Italy	USDA-ARS, Washington	N/A	N/A	Italy
HM304	0.0924655037005741	0.0181093035710978	M. truncatula	PI384660 SSD	Morocco	USDA-ARS, Washington	N/A	N/A	Morocco
HM305	0.104945165537936	0.000583009494093768	M. truncatula	PI384662 SSD	Morocco	USDA-ARS, Washington	N/A	N/A	Morocco
HM306	0.0398127329326107	0.0518286343261936	M. truncatula	PI493295 SSD	Poland	USDA-ARS, Washington	N/A	N/A	Poland
HM307	0.10542703831139	0.0201921799194182	M. truncatula	PI516927 SSD	Morocco	USDA-ARS, Washington	N/A	N/A	Morocco
HM308	0.030949884442366	0.0237493229524142	M. truncatula	PI516933 SSD	Morocco	USDA-ARS, Washington	N/A	N/A	Morocco
HM309	0.108281080083193	0.0165269547501916	M. truncatula	PI516939 SSD	Morocco	USDA-ARS, Washington	N/A	N/A	Morocco
HM310	-0.049005578576666	0.00331643465284595	M. truncatula	PI535651 SSD	Tunisia	USDA-ARS, Washington	N/A	N/A	Tunisia
HM312	-0.0382290000932905	0.00797417287549827	M. truncatula	PI577609 SSD	Sweden	USDA-ARS, Washington	N/A	N/A	Sweden
HM313	-0.0384837440499634	0.0162205325444059	M. truncatula	PI660408 SSD	Canada	USDA-ARS, Washington	N/A	N/A	Canada
HM314	-0.0432283013344134	0.0156193640957017	M. truncatula	PI660361 SSD	Greece	USDA-ARS, Washington	N/A	N/A	Greece
HM315	-0.0420640807545729	0.0183593927757381	M. truncatula	PI660387 SSD	France	USDA-ARS, Washington	N/A	N/A	France
HM316	-0.0391326671346788	0.0136037803060107	M. truncatula	PI660421 SSD	Australia	USDA-ARS, Washington	N/A	N/A	Australia
