File.Name,Region.of.Interest,Number.of.Root.Tips,Number.of.Branch.Points,Total.Root.Length.mm,Branching.frequency.per.mm,Network.Area.mm2,Average.Diameter.mm,Median.Diameter.mm,Maximum.Diameter.mm,Perimeter.mm,Volume.mm3,Surface.Area.mm2,Computation.Time.s,Root.Length.Diameter.Range.1.mm,Root.Length.Diameter.Range.2.mm,Root.Length.Diameter.Range.3.mm,Projected.Area.Diameter.Range.1.mm2,Projected.Area.Diameter.Range.2.mm2,Projected.Area.Diameter.Range.3.mm2,Surface.Area.Diameter.Range.1.mm2,Surface.Area.Diameter.Range.2.mm2,Surface.Area.Diameter.Range.3.mm2,Volume.Diameter.Range.1.mm3,Volume.Diameter.Range.2.mm3,Volume.Diameter.Range.3.mm3
id001.png,Full,1969,2399,2491.691397,0.9628,1096.443148,0.638694,0.564797,2.945743,3299.271618,1045.017713,5047.408128,1.433,2478.209175,13.482223,0,1575.852809,30.70678,0,4950.939934,96.468194,0,989.502457,55.515256,0
id002.png,Full,1040,2262,1769.280085,1.278486,770.676326,0.611926,0.550333,3.235109,2441.68321,682.954954,3437.474506,1.87,1754.899213,14.380872,0,1059.300521,34.720024,0,3328.398332,109.076173,0,615.913719,67.041235,0
id003.png,Full,3364,4044,3958.738451,1.021538,1597.260246,0.55569,0.508,3.471333,5582.223984,1261.492539,6979.722532,3.646,3937.713481,21.024971,0,2171.673682,49.97215,0,6822.730394,156.992138,0,1166.05898,95.433559,0
id005.png,Full,2161,4406,4077.445763,1.080578,1554.218218,0.508101,0.455944,2.799447,6134.152739,1094.367416,6547.496185,4.135,4055.889241,21.556523,0,2033.840446,49.797014,0,6391.054251,156.441934,0,1003.274768,91.092648,0
id006.png,Full,103,117,127.971964,0.914263,51.125794,0.502822,0.493687,1.118434,200.756403,30.126954,204.519874,0.112,127.971964,0,0,65.100698,0,0,204.519874,0,0,30.126954,0,0
id007.png,Full,2647,5455,4273.416904,1.276496,1788.107983,0.585889,0.530435,3.048,5886.728714,1548.954561,7954.777034,3.435,4240.017791,33.399112,0,2456.645902,74.955043,0,7719.160625,235.616409,0,1415.453331,133.50123,0
id008.png,Full,3864,7473,4981.237013,1.50023,1916.165523,0.571747,0.511516,3.852333,6162.653495,1783.211578,9102.160412,3.552,4953.715958,27.521054,0,2826.757728,69.920301,0,8882.499307,219.661105,0,1639.36084,143.850738,0
id020.png,Full,1560,2000,2269.469583,0.881263,975.378874,0.596868,0.542131,3.0527,3149.182515,806.546789,4282.880357,1.046,2258.354288,11.115295,0,1337.091984,26.154924,0,4200.712241,82.168117,0,757.507329,49.03946,0
id021.png,Full,1747,2195,2609.424,0.841182,1061.873324,0.56046,0.482674,3.334674,3802.161368,869.854832,4619.403696,1.882,2586.457455,22.966545,0,1412.842282,57.464542,0,4438.640765,180.762932,0,754.406356,115.448476,0
id023.png,Full,682,784,879.25913,0.89166,377.298977,0.554708,0.511516,2.17389,1334.078057,254.626433,1544.638973,0.895,878.478091,0.781039,0,490.027741,1.625017,0,1539.533831,5.105142,0,251.96973,2.656704,0
id024.png,Full,1448,3062,2425.624597,1.262355,911.983839,0.547845,0.478947,2.425962,3199.634635,765.762594,4209.037963,3.939,2420.145911,5.478686,0,1327.617061,11.936608,0,4171.538004,37.499959,0,745.273627,20.488967,0
id025.png,Full,2568,3436,3759.087132,0.914052,1555.948949,0.590349,0.523634,2.741553,5069.794076,1335.030283,7027.924694,3.074,3747.927741,11.15939,0,2212.394421,24.569693,0,6950.736728,77.187966,0,1292.208926,42.821357,0
id026.png,Full,1644,3516,2886.864483,1.21793,1138.627651,0.57053,0.511516,2.06394,3774.353265,948.481091,5216.832615,2.127,2886.362242,0.502241,0,1659.314428,1.01888,0,5213.631711,3.200904,0,946.857559,1.623532,0
id027.png,Full,1376,2779,2252.720689,1.233619,873.414472,0.566258,0.508,3.624386,2975.988158,787.514801,4051.582559,1.801,2234.199767,18.520922,0,1243.473033,45.918977,0,3907.323837,144.258722,0,695.682252,91.832549,0
id083.png,Full,2664,5310,4710.792982,1.127199,1733.553433,0.484387,0.423333,2.756547,7259.190281,1157.424164,7232.861805,6.688,4691.997775,18.795207,0,2259.68812,41.979103,0,7100.980564,131.88124,0,1083.298732,74.125432,0
id084.png,Full,3051,3599,4426.638993,0.813032,1676.695571,0.494583,0.435848,3.139809,6922.424863,1125.412778,6931.188287,4.827,4409.050286,17.588707,0,2162.648648,43.447982,0,6794.692427,136.495861,0,1039.431852,85.980925,0
id085.png,Full,2165,4093,3680.002875,1.112227,1371.309981,0.514878,0.425445,3.219839,5464.001407,1111.790954,6009.317619,5.662,3645.221868,34.781007,0,1831.919832,80.43959,0,5756.609195,252.708424,0,963.903835,147.887119,0
id086.png,Full,2294,4690,3841.007121,1.221034,1524.110751,0.534712,0.495499,2.587879,5500.913847,1090.101104,6521.497037,4.388,3831.945981,9.06114,0,2055.417575,20.050924,0,6458.505201,62.991836,0,1055.11101,34.990094,0
id087.png,Full,2294,4931,4437.666282,1.11117,1561.911751,0.458987,0.423333,2.195627,6784.94042,904.131274,6438.049402,5.425,4436.836269,0.830013,0,2047.11526,1.73539,0,6432.597514,5.451888,0,901.279461,2.851813,0
id088.png,Full,4449,8609,7017.266511,1.226831,2268.183188,0.427812,0.399372,2.21513,10569.052897,1252.663953,9492.849743,7.756,7016.339432,0.927079,0,3018.884318,1.950057,0,9486.723457,6.126286,0,1249.439007,3.224947,0
id089.png,Full,1689,3300,2645.439483,1.24743,969.498061,0.511974,0.457905,3.740695,3778.877957,735.927113,4290.943849,4.836,2631.047459,14.392025,0,1327.891511,37.629114,0,4172.7285,118.215349,0,655.991811,79.935302,0
id090.png,Full,3427,6825,6502.608539,1.049579,2223.884441,0.441687,0.401609,2.575384,10185.937995,1261.906401,9079.034509,7.278,6495.994116,6.614423,0,2874.482398,14.781361,0,9032.597495,46.437014,0,1235.85402,26.052382,0
id091.png,Full,2995,6187,4565.936492,1.355034,1629.216724,0.489214,0.457905,2.074765,6367.757117,1053.310101,7082.135125,4.603,4565.046611,0.889881,0,2252.031896,1.806059,0,7076.461222,5.673903,0,1050.43097,2.879131,0
id092.png,Full,3129,6560,5993.795378,1.094465,2131.790091,0.479021,0.423333,2.543525,8840.671882,1392.591078,9072.164475,5.031,5989.670112,4.125266,0,2878.033063,8.956223,0,9043.891118,28.273356,0,1377.091005,15.500073,0
id093.png,Full,4011,7865,7197.776803,1.092699,2524.578284,0.44734,0.423333,2.032441,11161.403843,1369.010078,10197.429055,7.199,7197.632268,0.144535,0,3244.937137,0.292246,0,10196.510937,0.918118,0,1368.545962,0.464115,0
id094.png,Full,2695,5585,4755.055937,1.174539,1717.698178,0.474622,0.45001,2.43959,7071.781502,1029.329628,7148.897792,4.35,4752.301627,2.75431,0,2268.960703,6.021887,0,7129.979475,18.918317,0,1018.958909,10.370719,0
id095.png,Full,3386,6194,5029.424576,1.231552,1839.412988,0.499079,0.45001,2.985326,7248.952774,1299.863675,7961.530363,5.633,5009.11564,20.308936,0,2484.172746,49.46966,0,7806.116844,155.413519,0,1204.190998,95.672677,0
id096.png,Full,2649,5534,5561.027247,0.99514,2000.174315,0.471508,0.419079,2.717919,8548.086825,1257.934446,8284.825421,5.892,5550.110704,10.916543,0,2612.166675,24.433268,0,8207.82369,77.001731,0,1214.401971,43.532475,0
id103.png,Full,3170,5975,5229.14901,1.142633,1938.657413,0.490529,0.45001,2.730418,7890.971951,1283.915197,8127.548571,6.173,5216.734146,12.414864,0,2558.125014,28.277456,0,8038.712322,88.836249,0,1233.010815,50.904382,0
id104.png,Full,1609,1887,2608.986863,0.723269,998.654365,0.482442,0.431717,2.07606,4254.264911,599.498012,3976.650221,3.696,2608.715328,0.271535,0,1265.16954,0.552132,0,3974.915647,1.734574,0,598.616156,0.881855,0
id105.png,Full,1601,3385,3204.835279,1.056217,1248.598757,0.513179,0.465667,2.652176,4844.816463,837.483925,5201.895749,3.767,3198.419242,6.416037,0,1641.091018,14.338746,0,5156.849248,45.0465,0,812.172924,25.311002,0
id106.png,Full,2124,4426,3695.159366,1.197783,1339.92922,0.482193,0.441973,2.608228,5496.732853,853.904975,5643.582696,5.013,3691.636416,3.52295,0,1787.941333,7.877641,0,5618.834358,24.748338,0,839.982625,13.92235,0
id107.png,Full,2794,5470,4636.967811,1.17965,1699.709414,0.494939,0.441973,2.851457,6822.913634,1171.19827,7274.565542,6.064,4624.099679,12.868131,0,2285.469266,29.523622,0,7181.814349,92.751194,0,1117.502907,53.695363,0
id108.png,Full,2495,5257,4655.300245,1.12925,1777.425209,0.521339,0.465667,2.836333,6664.067117,1284.506965,7691.047353,5.705,4645.838336,9.461909,0,2426.164365,21.43229,0,7623.715827,67.331526,0,1245.983742,38.523223,0
id109.png,Full,2283,4615,3887.891147,1.187019,1476.892208,0.523209,0.465667,3.569079,5624.756179,1134.140384,6454.056996,5.37,3866.848383,21.042764,0,2001.532739,52.343195,0,6289.616,164.440996,0,1029.056132,105.084252,0
id110.png,Full,3782,4658,4776.522542,0.975186,1886.072841,0.548046,0.495499,2.597211,6812.926065,1457.310358,8290.47383,6.579,4763.61182,12.910723,0,2610.259511,28.482834,0,8200.992368,89.481462,0,1407.697225,49.613133,0
id111.png,Full,2391,4569,4064.303461,1.124178,1422.96176,0.46317,0.416935,2.209865,6171.819576,892.604623,5959.908528,6.097,4063.415084,0.888377,0,1894.748367,1.870982,0,5954.030663,5.877864,0,889.506739,3.097884,0
id112.png,Full,1680,1958,2220.099581,0.881942,881.297073,0.516176,0.473301,1.776992,3380.654804,564.293116,3629.716789,3.144,2220.099581,0,0,1155.334365,0,0,3629.716789,0,0,564.293116,0,0
id113.png,Full,1812,3708,3136.149892,1.182341,1150.869562,0.483056,0.441973,2.472789,4693.358266,721.904071,4795.000494,3.908,3131.972902,4.17699,0,1516.898031,9.054207,0,4766.555864,28.444629,0,706.438492,15.465579,0
id114.png,Full,1935,2441,2653.774512,0.919822,1031.823653,0.521846,0.467587,2.598936,3964.336056,731.166073,4383.631275,3.849,2643.842165,9.932347,0,1373.441248,21.750982,0,4315.298549,68.332726,0,693.555055,37.611017,0
id121.png,Full,291,597,567.094036,1.052735,217.802432,0.493368,0.45001,2.11582,901.194525,137.115019,884.066125,0.956,566.588163,0.505873,0,280.2759,1.041527,0,880.79407,3.272054,0,135.430342,1.684677,0
id122.png,Full,1908,2456,2850.160159,0.861706,1077.954385,0.517088,0.455944,2.383483,4191.356055,786.681836,4654.401195,1.92,2843.240377,6.919782,0,1466.532205,14.964426,0,4607.389065,47.01213,0,761.211468,25.470368,0
id123.png,Full,1223,2475,2157.825076,1.146988,872.94001,0.563722,0.493687,2.437753,3010.483557,707.480659,3859.233968,2.448,2152.493933,5.331143,0,1216.781093,11.45219,0,3823.255852,35.978116,0,688.099124,19.381535,0
id124.png,Full,1947,4005,3498.548024,1.144761,1238.515892,0.476325,0.425445,2.618514,5165.644313,812.428519,5282.601313,3.055,3491.763387,6.784637,0,1666.173615,14.941946,0,5235.659805,46.941508,0,786.452042,25.976477,0
id125.png,Full,2573,3049,3394.618039,0.898186,1232.300403,0.480373,0.431717,2.328333,5154.960149,780.099212,5161.471388,4.863,3391.997369,2.62067,0,1637.214381,5.613029,0,5143.837537,17.633851,0,770.63919,9.460022,0
id126.png,Full,1662,1990,2055.163052,0.968293,779.28966,0.516961,0.465667,1.910167,3010.150568,560.958955,3369.70642,3.193,2055.163052,0,0,1072.517599,0,0,3369.70642,0,0,560.958955,0,0
id133.png,Full,206,214,295.19727,0.724939,125.898494,0.580546,0.478947,3.569079,456.086176,128.684894,543.355148,0.272,288.046782,7.150488,0,153.676298,19.24607,0,482.891836,60.463312,0,86.851794,41.833101,0
id134.png,Full,2096,4399,3687.963802,1.192799,1369.537135,0.506009,0.45001,3.042409,5427.360981,992.809606,5913.322404,4.937,3671.595133,16.368669,0,1843.521974,38.153519,0,5793.45959,119.862814,0,921.807313,71.002293,0
id135.png,Full,1448,2946,2477.12987,1.18928,872.039027,0.478578,0.423333,2.042994,3635.603364,578.531432,3751.792458,4.254,2476.937866,0.192004,0,1193.557601,0.388403,0,3750.572253,1.220205,0,577.914308,0.617124,0
id136.png,Full,2374,2738,2796.120147,0.979214,1074.595521,0.514365,0.473301,1.85592,4093.393672,709.751931,4565.649869,2.05,2796.120147,0,0,1453.230045,0,0,4565.649869,0,0,709.751931,0,0
id137.png,Full,1396,3026,2404.504448,1.258471,902.861098,0.520511,0.478947,2.160659,3299.659719,629.877925,3957.885917,2.561,2403.95837,0.546079,0,1258.411066,1.134206,0,3954.322703,3.563214,0,628.026632,1.851293,0
id138.png,Full,857,1730,1516.781277,1.140573,560.405241,0.473854,0.435848,2.064374,2332.440752,338.712565,2283.781772,3.505,1516.266637,0.51464,0,725.748553,0.999342,0,2280.507448,3.274324,0,337.054689,1.657876,0
id145.png,Full,1643,2009,2205.142037,0.911052,900.510296,0.551183,0.509761,2.334867,3221.07985,648.732758,3849.175388,1.824,2203.428783,1.713254,0,1221.484245,3.693598,0,3837.571607,11.603781,0,642.463166,6.269591,0
id146.png,Full,3342,4351,4947.431427,0.879446,1739.854495,0.468243,0.419079,2.34826,7515.288422,1095.593649,7316.702905,4.918,4944.28159,3.149837,0,2322.120021,6.759356,0,7295.467762,21.235143,0,1084.174916,11.418733,0
id147.png,Full,1662,3344,2907.890825,1.149974,1096.401033,0.505349,0.457905,2.465894,4265.905623,738.256468,4653.883551,2.139,2903.121791,4.769033,0,1470.460286,10.544911,0,4620.755735,33.127816,0,719.885996,18.370471,0
id148.png,Full,755,887,1028.608181,0.86233,410.199,0.548124,0.465667,1.823776,1527.752582,313.177914,1783.703338,1.576,1028.608181,0,0,567.754965,0,0,1783.703338,0,0,313.177914,0,0
id149.png,Full,3016,5504,5193.059257,1.059876,1717.616636,0.424888,0.381,2.40258,8189.981454,925.4395,6981.343728,5.733,5190.231798,2.827459,0,2215.51484,6.163165,0,6961.981575,19.362153,0,914.861092,10.578408,0
id150.png,Full,1361,2617,2323.866446,1.12614,873.802464,0.503767,0.45001,2.128908,3436.088148,592.992529,3708.068217,3.232,2323.454007,0.412438,0,1179.259747,0.851164,0,3705.394205,2.674011,0,591.61246,1.380069,0
id151.png,Full,1983,4131,3583.409453,1.152813,1356.526409,0.522336,0.473301,2.633188,5079.470535,989.031691,5925.501767,2.68,3573.825422,9.584031,0,1864.188109,21.592677,0,5857.66637,67.835397,0,950.632274,38.399417,0
id159.png,Full,1661,3617,2827.948491,1.279019,1127.90321,0.529157,0.493687,2.480748,4103.613493,771.415633,4753.624664,2.51,2823.476672,4.471819,0,1503.312193,9.503135,0,4723.769686,29.854978,0,755.500977,15.914655,0
id160.png,Full,1140,1270,1506.563377,0.842978,626.028766,0.524767,0.482674,2.101798,2371.892536,398.785214,2508.276347,2.829,1505.158233,1.405144,0,795.529047,2.86744,0,2499.268019,9.008327,0,394.188627,4.596587,0
id161.png,Full,1652,3258,2609.768754,1.248386,963.406227,0.491749,0.45001,2.075629,3825.178845,627.962616,4071.679666,4.082,2609.305215,0.463539,0,1294.672204,0.945552,0,4068.709128,2.970539,0,626.447639,1.514978,0
id162.png,Full,1251,2575,2390.090136,1.077365,964.004344,0.533902,0.465667,2.49228,3652.799848,703.709321,4040.254259,3.902,2380.279911,9.810225,0,1264.513306,21.289212,0,3973.372227,66.882032,0,667.309017,36.400305,0
id163.png,Full,2513,2875,3165.50335,0.908228,1327.608008,0.550833,0.511516,2.374066,4718.796647,915.559643,5522.484382,3.097,3162.137334,3.366016,0,1750.596059,7.15234,0,5500.014643,22.469739,0,903.595398,11.964245,0
id164.png,Full,1568,1972,2002.683909,0.984679,810.42535,0.584214,0.509761,3.262964,2710.371473,722.197089,3698.634954,1.064,1987.0348,15.649109,0,1139.532799,37.714005,0,3580.152912,118.482042,0,649.392424,72.804664,0
id165.png,Full,1538,3118,2657.769983,1.173164,1056.551202,0.52854,0.473301,2.445826,3917.008015,740.82933,4445.038911,2.854,2653.83034,3.939644,0,1405.748317,8.828205,0,4417.304287,27.734624,0,725.238856,15.590474,0
id173.png,Full,803,1529,1276.395188,1.197905,524.337661,0.549202,0.509761,2.838544,1884.287209,390.512586,2228.384293,1.851,1270.887449,5.507739,0,696.393657,12.771841,0,2188.260372,40.123921,0,366.980244,23.532342,0
id174.png,Full,1520,1712,1789.845318,0.956507,722.091298,0.55003,0.508,2.717919,2591.664348,544.904973,3120.274524,1.285,1781.661295,8.184023,0,974.140399,19.005341,0,3060.567484,59.707039,0,509.966186,34.938786,0
id176.png,Full,1402,2970,2241.159202,1.325207,914.290734,0.559149,0.523634,2.196851,3112.386073,685.05305,3986.733449,2.059,2238.833361,2.325841,0,1263.898068,4.878065,0,3971.408554,15.324895,0,677.012522,8.040529,0
id177.png,Full,1432,1576,1675.114518,0.940831,693.496821,0.54712,0.515007,2.879289,2498.466902,484.393306,2909.923651,1.634,1669.922516,5.192002,0,913.786217,12.446574,0,2870.821587,39.102064,0,460.646125,23.747181,0
id178.png,Full,1395,2921,2341.801581,1.24733,942.490499,0.538817,0.493687,2.484718,3397.889382,684.56217,4012.769407,3.716,2336.615596,5.185985,0,1265.515703,11.555725,0,3976.466027,36.30338,0,664.285305,20.276865,0
id179.png,Full,642,724,939.410977,0.770696,429.093228,0.599741,0.564797,2.631826,1422.034439,331.215057,1785.814888,0.95,934.755922,4.655055,0,557.551234,10.853407,0,1751.717904,34.096984,0,311.207744,20.007313,0
id187.png,Full,1514,1990,1962.905378,1.013803,705.946617,0.481535,0.45001,2.007154,2849.901211,437.962036,2991.747309,1.593,1962.875444,0.029934,0,952.177988,0.060083,0,2991.558554,0.188755,0,437.867321,0.094715,0
id188.png,Full,1749,3851,3053.251694,1.261278,1211.38557,0.526553,0.495499,2.118359,4422.79159,812.009593,5091.641938,3.253,3052.592519,0.659175,0,1618.879365,1.351658,0,5087.39558,4.246358,0,809.832065,2.177528,0
id189.png,Full,1482,2974,2633.968138,1.129095,1087.117449,0.553151,0.508,2.785327,3897.701069,808.759697,4614.701455,3.364,2628.35607,5.612068,0,1455.935755,12.732503,0,4574.701116,40.000339,0,785.81457,22.945127,0
id190.png,Full,1013,2201,1786.410282,1.23208,729.094868,0.545576,0.515007,1.998205,2598.58632,511.180803,3093.028255,3.062,1786.410282,0,0,984.259015,0,0,3093.028255,0,0,511.180803,0,0
id191.png,Full,1548,3273,2582.932964,1.267164,962.31304,0.495915,0.465667,1.766371,3748.394787,619.139049,4066.933139,3.975,2582.932964,0,0,1294.34738,0,0,4066.933139,0,0,619.139049,0,0
id192.png,Full,1328,2756,2256.878488,1.221156,916.922001,0.534585,0.508,2.17595,3348.538341,625.553582,3834.394566,2.818,2254.950559,1.927929,0,1216.247158,3.994022,0,3821.846977,12.547589,0,619.051012,6.50257,0
id193.png,Full,1650,1818,2439.482286,0.74524,1001.353284,0.514244,0.465667,3.090623,3983.277305,635.831919,3966.718895,5.059,2429.940222,9.542063,0,1239.700427,22.882193,0,3894.832366,71.886529,0,592.121731,43.710188,0
id194.png,Full,4434,5590,5775.902664,0.967814,1980.969156,0.447161,0.416935,2.618172,8868.032241,1140.304139,8169.766423,4.509,5770.674347,5.228318,0,2588.699825,11.641148,0,8133.194679,36.571745,0,1119.819856,20.484283,0
id195.png,Full,2320,4744,3464.928194,1.369148,1198.936222,0.474829,0.435848,2.253629,4841.998468,769.638714,5223.353182,3.25,3462.651326,2.276867,0,1657.386109,4.803786,0,5208.261643,15.091539,0,761.668445,7.970269,0
id196.png,Full,2057,3970,3290.37737,1.206549,1142.712768,0.457809,0.423333,2.159,4909.905441,661.97357,4772.846892,2.888,3289.494129,0.883241,0,1516.986602,1.836574,0,4767.077123,5.769769,0,658.97258,3.00099,0
id197.png,Full,2613,3456,3244.966033,1.065034,1173.222116,0.479736,0.45001,1.780015,4766.98341,706.433151,4934.615515,4.272,3244.966033,0,0,1570.650176,0,0,4934.615515,0,0,706.433151,0,0
id198.png,Full,3417,6926,5489.960789,1.261575,1928.712092,0.459774,0.423333,2.07606,8155.827104,1105.053821,8003.175056,5.309,5489.32278,0.638009,0,2545.402227,1.296692,0,7999.101378,4.073678,0,1102.983768,2.070053,0
id199.png,Full,1933,4176,3046.966894,1.370543,1084.658673,0.506363,0.465667,2.113701,4067.14614,778.586346,4884.842224,4.556,3045.156574,1.81032,0,1550.845424,3.718745,0,4873.159443,11.682781,0,772.585698,6.000648,0
id200.png,Full,2010,2450,2184.344391,1.121618,781.562057,0.479764,0.455944,2.034204,3154.627628,475.388583,3325.376218,2.425,2184.250957,0.093434,0,1058.243556,0.189314,0,3324.78147,0.594748,0,475.087308,0.301274,0
id201.png,Full,3283,6806,5173.853997,1.31546,1740.283258,0.46532,0.423333,2.431128,7218.381736,1111.30289,7621.043204,5.348,5170.131156,3.722841,0,2417.096938,7.933217,0,7595.819029,25.224175,0,1097.658612,13.644279,0
id210.png,Full,2450,5009,4045.005309,1.238317,1415.715359,0.47876,0.425445,2.533288,5781.409762,936.974068,6137.604801,3.679,4038.664548,6.340761,0,1939.280685,13.930824,0,6093.839827,43.764974,0,912.84576,24.128308,0
id211.png,Full,3191,6473,4821.118508,1.342634,1700.300811,0.47937,0.45001,2.555826,6848.183766,1097.462461,7333.757652,3.811,4810.571447,10.547061,0,2310.750443,23.107961,0,7261.161851,72.595801,0,1057.517682,39.944778,0
id212.png,Full,1594,3393,2874.646715,1.180319,954.405349,0.42659,0.399372,1.855437,4423.669927,489.508656,3871.65569,3.292,2874.646715,0,0,1231.844927,0,0,3871.65569,0,0,489.508656,0,0
id213.png,Full,3691,7288,5802.350074,1.256043,1989.042617,0.445765,0.419079,2.44216,8779.320455,1116.879781,8207.64413,6.513,5797.250883,5.09919,0,2600.82854,10.914384,0,8173.355583,34.288547,0,1098.479329,18.400452,0
id214.png,Full,3354,6970,5526.667804,1.261158,1900.642704,0.476236,0.425445,3.598333,7744.20816,1291.813509,8343.310933,5.125,5512.577506,14.090297,0,2619.701095,35.400471,0,8232.097073,111.21386,0,1219.4416,72.371909,0
id215.png,Full,5019,10243,7850.124089,1.30482,2620.862142,0.44673,0.423333,2.06741,11354.174872,1493.393149,11099.993088,7.055,7849.669318,0.454772,0,3531.26691,0.924493,0,11097.088708,2.90438,0,1491.916928,1.476222,0
id216.png,Full,1073,1219,1184.836469,1.028834,423.418956,0.512771,0.401609,3.301457,1740.481502,396.45121,1933.348036,1.599,1162.354114,22.482355,0,561.122097,54.21534,0,1763.025523,170.322512,0,291.887663,104.563547,0
id217.png,Full,1037,1205,1559.948317,0.772461,632.108503,0.522647,0.473301,2.019615,2436.745403,415.855869,2573.502441,2.141,1559.858515,0.089803,0,818.980125,0.180927,0,2572.934041,0.5684,0,415.569576,0.286294,0
id218.png,Full,3256,6839,5178.385621,1.320682,1765.70525,0.505057,0.455944,2.80616,6544.506417,1345.908499,8270.245562,4.412,5172.306124,6.079497,0,2618.100265,13.874557,0,8226.657356,43.588207,0,1320.813802,25.094697,0
id219.png,Full,4702,9779,8287.209748,1.180011,2813.64715,0.468148,0.423333,3.946775,11758.350699,1877.653762,12275.73707,6.631,8269.613519,17.596229,0,3859.250427,47.470625,0,12126.603703,149.133367,0,1771.998404,105.655358,0
id220.png,Full,4885,6375,6353.481722,1.003387,2280.376264,0.488246,0.45001,2.92376,9058.412044,1472.828313,9815.528046,4.377,6346.259224,7.222497,0,3107.650946,16.4536,0,9763.837537,51.690509,0,1443.021865,29.806447,0
id221.png,Full,3258,7241,5409.899983,1.338472,1837.595339,0.488262,0.441973,3.006561,7108.307644,1306.924847,8358.14792,3.893,5400.795886,9.104096,0,2638.959193,21.016223,0,8292.123507,66.024412,0,1268.276663,38.648184,0
id222.png,Full,3912,7881,5915.131598,1.332346,1976.643,0.47141,0.419079,3.765764,8150.715684,1418.793588,8837.097959,6.817,5889.442804,25.688794,0,2744.801504,67.593759,0,8624.745902,212.352056,0,1274.517583,144.276005,0
id223.png,Full,3537,6669,5014.996681,1.329811,1563.534507,0.425872,0.390294,2.082525,7202.222463,900.389799,6745.650529,3.918,5014.617808,0.378873,0,2145.868225,0.773801,0,6743.219562,2.430967,0,899.148348,1.241451,0
id224.png,Full,3400,4696,4518.122249,1.03937,1605.082363,0.476049,0.441973,2.143589,6561.188357,989.237862,6812.844014,4.418,4517.186403,0.935846,0,2166.379753,1.936588,0,6806.760044,6.08397,0,986.089416,3.148445,0
id225.png,Full,4003,8290,6319.729841,1.311765,2268.001288,0.516241,0.467587,3.143232,8300.684309,1725.509723,10353.756307,5.172,6298.578449,21.151392,0,3245.437116,49.596345,0,10197.944794,155.811512,0,1632.994397,92.515327,0
id242.png,Full,1490,2830,2233.257752,1.267207,761.296416,0.462726,0.416935,2.185401,3306.365467,500.304928,3273.065589,2.764,2231.951801,1.305951,0,1038.891925,2.698601,0,3264.587685,8.477904,0,495.922593,4.382335,0
id243.png,Full,965,1821,1440.577586,1.264076,514.09709,0.471448,0.423333,2.295778,2158.088691,320.031354,2156.934177,1.243,1439.088398,1.489188,0,683.169306,3.236355,0,2146.766869,10.167308,0,314.497007,5.534347,0
id244.png,Full,1032,1906,1386.354274,1.374829,508.502567,0.511884,0.457905,2.176773,1932.962726,373.496069,2255.96327,2.399,1385.601665,0.752609,0,716.433471,1.570339,0,2251.029905,4.933365,0,370.92113,2.574939,0
id246.png,Full,1788,3494,2954.770814,1.182494,1011.544124,0.473082,0.399372,2.407051,4360.20166,709.629635,4426.304094,3.736,2950.890158,3.880656,0,1400.194628,8.354533,0,4400.057555,26.246539,0,695.468868,14.160768,0
id247.png,Full,454,494,594.833246,0.830485,245.366445,0.606813,0.473301,2.623984,851.706682,256.132166,1139.961158,0.368,583.482732,11.350514,0,337.874215,24.954218,0,1061.565169,78.395988,0,212.841864,43.290302,0
id248.png,Full,1759,2227,1922.564311,1.158349,690.211433,0.488333,0.441973,2.095393,2809.06553,466.303539,2982.289667,4.653,1921.557702,1.006609,0,947.146527,2.054258,0,2975.836025,6.453642,0,463.010249,3.29329,0
id249.png,Full,4682,8938,7638.203481,1.17017,2541.792407,0.431669,0.399372,2.710656,11715.663203,1389.869979,10438.767809,7.745,7633.857781,4.3457,0,3312.036535,9.838933,0,10407.857889,30.90992,0,1372.218652,17.651327,0
id250.png,Full,2074,2864,2817.283742,1.016582,980.655297,0.482471,0.419079,2.896045,4031.356834,692.297054,4293.742181,2.422,2806.249741,11.034002,0,1341.742583,24.896968,0,4215.363629,78.378552,0,647.499833,44.797221,0
id251.png,Full,1136,2000,1520.602352,1.315268,570.106835,0.515137,0.473301,2.116667,2138.444059,402.40956,2492.574775,2.159,1520.181146,0.421206,0,792.410453,0.869985,0,2489.841638,2.733138,0,400.997958,1.411602,0
id252.png,Full,2046,3963,2874.804327,1.378529,1017.139095,0.484748,0.455944,2.480387,3996.03355,666.294484,4432.858164,1.924,2873.167595,1.636732,0,1406.886374,3.679024,0,4421.30017,11.557994,0,659.774428,6.520056,0
id253.png,Full,3617,4489,4423.803575,1.014738,1574.130364,0.476143,0.423333,2.387615,6619.484229,1033.613561,6681.7828,4.309,4412.989233,10.814342,0,2103.480123,23.185699,0,6608.942779,72.840021,0,994.504886,39.108675,0
id254.png,Full,3702,4994,4844.585488,1.030842,1796.802858,0.503524,0.465667,2.732058,6958.268588,1213.33241,7731.57058,4.184,4833.384387,11.201101,0,2436.51311,24.293503,0,7655.250288,76.320291,0,1171.681399,41.651011,0
id255.png,Full,1630,3221,2398.55722,1.342891,896.433691,0.520676,0.473301,2.987726,3346.30004,671.127034,3973.117719,3.328,2387.575672,10.981548,0,1238.896323,25.492694,0,3893.030057,80.087661,0,623.969486,47.157548,0
id263.png,Full,3483,4849,4724.028792,1.026454,1677.766806,0.455202,0.423333,2.541411,7338.46941,950.199479,6820.743468,4.938,4716.019862,8.008931,0,2153.47958,17.373177,0,6766.164023,54.579444,0,920.492847,29.706632,0
id264.png,Full,2590,5369,4242.637554,1.265486,1500.109007,0.497908,0.45001,3.055634,5838.589545,1107.473765,6694.089232,3.406,4216.733569,25.903985,0,2070.039001,60.240915,0,6504.836814,189.252417,0,996.207527,111.266238,0
id265.png,Full,2758,5601,4098.705043,1.366529,1586.256236,0.538388,0.509761,2.668344,5571.149946,1181.859156,7026.796083,5.262,4082.286003,16.41904,0,2198.798289,37.400462,0,6909.299066,117.497017,0,1114.572234,67.286922,0
id266.png,Full,2701,5456,4053.92292,1.345857,1408.512864,0.485221,0.441973,2.16563,5581.062417,954.088839,6228.860813,4.098,4051.82353,2.09939,0,1977.925866,4.337298,0,6215.234789,13.626025,0,947.046932,7.041907,0
id267.png,Full,374,404,441.582862,0.914891,157.490724,0.46548,0.416935,2.177185,696.443658,99.894664,652.732323,0.591,440.744082,0.83878,0,206.010803,1.760349,0,647.202025,5.530298,0,96.991283,2.90338,0
id268.png,Full,3478,6754,5651.712669,1.195036,1866.02763,0.435478,0.416935,1.808481,8408.232202,1026.932051,7788.774491,6.037,5651.712669,0,0,2478.537607,0,0,7788.774491,0,0,1026.932051,0,0
id269.png,Full,2635,4999,4135.323136,1.208854,1391.719439,0.448234,0.416935,2.81445,6161.680699,851.115102,5878.415696,4.773,4131.546809,3.776327,0,1861.653019,8.924783,0,5850.377662,28.038033,0,834.37407,16.741033,0
id284.png,Full,1407,1842,1772.23426,1.039366,606.128716,0.474684,0.390294,2.575036,2615.4011,435.185741,2661.345399,1.764,1766.680556,5.553704,0,834.591958,12.426088,0,2622.307692,39.037707,0,413.232272,21.953469,0
id285.png,Full,906,1227,1329.121897,0.923166,435.633537,0.440207,0.361696,2.113701,2080.685922,281.391995,1849.65299,2.608,1328.628424,0.493473,0,587.683532,1.017728,0,1846.455704,3.197286,0,279.743086,1.648909,0
id286.png,Full,834,1576,1553.769405,1.014308,517.99762,0.416621,0.378641,1.837969,2571.356706,267.699459,2046.805757,3.088,1553.769405,0,0,651.307267,0,0,2046.805757,0,0,267.699459,0,0
id287.png,Full,863,1641,1685.49643,0.9736,594.032414,0.449698,0.401609,1.916723,2709.517845,332.612443,2392.947397,2.986,1685.49643,0,0,761.465732,0,0,2392.947397,0,0,332.612443,0,0
id288.png,Full,1468,1648,2016.065549,0.817434,694.243235,0.462677,0.381,3.002982,3165.645625,484.819189,2952.016449,2.091,2007.134675,8.930873,0,918.128154,21.483159,0,2884.525113,67.491336,0,443.740784,41.078405,0
id289.png,Full,803,859,913.85617,0.939973,331.051757,0.481045,0.423333,1.874655,1402.615108,213.777437,1391.192111,0.747,913.85617,0,0,442.821332,0,0,1391.192111,0,0,213.777437,0,0
id290.png,Full,2186,2578,2534.766641,1.017056,892.611118,0.477707,0.401609,2.084675,3835.518361,623.991888,3844.020332,3.994,2534.216931,0.54971,0,1222.374612,1.123512,0,3840.490716,3.529617,0,622.188167,1.803721,0
id298.png,Full,2820,5559,4997.982526,1.112249,1749.370157,0.461027,0.419079,3.057979,7682.365653,1099.761859,7282.367167,6.463,4985.124925,12.857602,0,2288.336513,29.326749,0,7190.234468,92.1327,0,1046.552077,53.209781,0
id299.png,Full,3747,7566,6621.362142,1.142665,2129.991708,0.419902,0.381,2.696736,10253.174788,1181.121255,8785.382025,7.094,6610.732176,10.629966,0,2772.201093,23.550971,0,8711.394468,73.987557,0,1139.840266,41.28099,0
id300.png,Full,842,1594,1338.159743,1.191188,485.307721,0.511697,0.423333,2.331794,1954.669178,393.315301,2169.156916,2.581,1334.773441,3.386302,0,682.895684,7.427015,0,2145.824261,23.332654,0,380.492036,12.823265,0
id301.png,Full,2413,2697,3557.697233,0.758075,1315.741992,0.477559,0.419079,2.590302,5740.917567,837.395134,5373.788595,6.053,3553.469142,4.228091,0,1700.980929,9.367824,0,5344.358707,29.429887,0,820.987444,16.40769,0
id302.png,Full,1256,1416,1425.913421,0.993048,485.93272,0.434813,0.390294,1.727387,2247.263652,262.437921,1971.662767,2.194,1425.913421,0,0,627.549267,0,0,1971.662767,0,0,262.437921,0,0
id303.png,Full,1608,3150,2446.888901,1.287349,878.942239,0.490088,0.441973,2.773399,3518.425574,602.889646,3799.230824,2.541,2436.385935,10.502966,0,1184.439513,24.499674,0,3722.262828,76.967996,0,557.674626,45.21502,0
id304.png,Full,2116,2430,2773.050814,0.876291,982.223842,0.465501,0.401609,3.871128,4381.524,664.046105,4092.166224,4.787,2759.07761,13.973204,0,1265.213739,37.239236,0,3975.175712,116.990512,0,583.026008,81.020097,0
id312.png,Full,653,1045,861.281643,1.213308,308.280297,0.504463,0.416935,2.123429,1251.458934,242.866179,1379.636407,1.288,860.812968,0.468675,0,438.061253,0.968332,0,1376.594303,3.042104,0,241.294378,1.5718,0
id313.png,Full,870,1805,1529.400028,1.180201,526.532101,0.458293,0.416935,1.670424,2317.611447,316.953192,2216.165943,1.185,1529.400028,0,0,705.182499,0,0,2216.165943,0,0,316.953192,0,0
id314.png,Full,1850,2084,2351.492293,0.886246,910.461889,0.512214,0.455944,2.140661,3603.63043,616.158331,3809.153728,2.25,2350.917785,0.574509,0,1211.242217,1.187329,0,3805.423624,3.730104,0,614.230288,1.928043,0
id315.png,Full,2302,2756,2810.632041,0.980562,1055.909179,0.500354,0.465667,2.347878,4168.426218,680.31606,4453.607881,2.307,2808.724655,1.907385,0,1413.48419,4.084068,0,4440.777404,12.830477,0,673.43034,6.88572,0
id316.png,Full,3570,4164,4157.949393,1.001455,1650.629763,0.540352,0.509761,2.630123,5889.801099,1168.524787,7129.634002,4.018,4154.102925,3.846467,0,2260.708313,8.573131,0,7102.700715,26.933287,0,1153.415305,15.109482,0
id317.png,Full,1717,2953,2505.080311,1.178805,840.982637,0.463059,0.390294,2.40258,3776.352724,585.466966,3674.02998,3.56,2503.238553,1.841758,0,1165.039477,4.029734,0,3661.370198,12.659782,0,578.520633,6.946333,0
id318.png,Full,2423,2765,3132.350974,0.882724,1160.203325,0.485595,0.435848,2.513046,4844.681746,740.207331,4814.999884,3.659,3128.806234,3.54474,0,1524.735178,7.87644,0,4790.255317,24.744567,0,726.402427,13.804904,0
id331.png,Full,554,614,770.545548,0.796838,328.41153,0.541279,0.516744,1.617554,1206.843339,207.664447,1319.001165,0.975,770.545548,0,0,419.812316,0,0,1319.001165,0,0,207.664447,0,0
id332.png,Full,1872,4013,3352.758944,1.196925,1243.997064,0.519751,0.457905,3.029718,4697.827006,950.851153,5506.498172,2.557,3336.213314,16.545631,0,1714.960406,37.489537,0,5388.579751,117.918421,0,883.06822,67.782933,0
id333.png,Full,1518,1880,1931.959409,0.973105,700.543402,0.479297,0.435848,2.158585,2890.739649,445.608452,2934.611103,2.864,1930.172384,1.787026,0,930.419898,3.683779,0,2923.038169,11.572933,0,439.642123,5.966329,0
id334.png,Full,1513,2855,2183.288122,1.307661,794.202713,0.479825,0.45001,2.472789,3258.63338,491.220149,3324.254091,3.487,2180.684987,2.603135,0,1052.0527,5.79598,0,3306.045482,18.208609,0,481.045149,10.175,0
id335.png,Full,1851,3304,2653.095247,1.245338,830.721457,0.408411,0.378641,1.820826,4029.210473,449.811646,3440.206883,4.053,2653.095247,0,0,1094.821866,0,0,3440.206883,0,0,449.811646,0,0
id336.png,Full,1702,3164,2576.602147,1.227974,920.611958,0.485483,0.431717,2.315985,3719.770227,612.131046,3962.929355,2.512,2574.756757,1.84539,0,1257.317292,3.915963,0,3950.626994,12.302361,0,605.590942,6.540104,0
id337.png,Full,1728,3813,3269.612638,1.166193,1234.752459,0.50658,0.465667,2.794321,4776.337152,835.616558,5240.978967,4.356,3259.021374,10.591264,0,1643.626274,24.201645,0,5164.947257,76.03171,0,791.867421,43.749137,0
id338.png,Full,2246,2819,2733.610298,1.031237,1067.240697,0.522224,0.495499,1.887991,3937.13721,701.563071,4524.5867,2.473,2733.610298,0,0,1440.104567,0,0,4524.5867,0,0,701.563071,0,0
id339.png,Full,2336,5025,4611.144094,1.089751,1712.312436,0.476421,0.441973,2.146095,7125.363431,1013.940718,6954.829977,4.802,4609.898011,1.246083,0,2210.703809,2.566691,0,6946.766479,8.063498,0,1009.786775,4.153943,0
id340.png,Full,2234,2746,2677.670396,1.025518,1016.191516,0.525801,0.482674,2.257998,3723.264773,723.306806,4457.713728,1.371,2676.378348,1.292048,0,1416.176281,2.723911,0,4449.156311,8.557418,0,718.789168,4.517638,0
id341.png,Full,2883,6032,5058.117167,1.192539,1898.149878,0.496732,0.465667,2.712639,7447.984022,1210.358908,7956.337776,4.77,5052.413792,5.703375,0,2519.027179,12.905125,0,7915.795131,40.542646,0,1187.270056,23.088852,0
id342.png,Full,2523,2973,3407.390483,0.872515,1419.525387,0.533313,0.509761,2.064374,5193.808832,914.23461,5769.523019,3.133,3407.110181,0.280303,0,1835.866991,0.570114,0,5767.731955,1.791064,0,913.3238,0.91081,0
id343.png,Full,1781,3715,2686.498703,1.382841,1061.017591,0.551572,0.523634,2.125538,3596.801874,797.004281,4708.694421,2.336,2685.638756,0.859947,0,1496.612652,1.754263,0,4703.18324,5.511181,0,794.192831,2.81145,0
id344.png,Full,2650,3283,3690.02491,0.889696,1430.002964,0.515722,0.473301,2.821446,5462.276226,967.509269,6017.820343,1.758,3676.708905,13.316005,0,1885.094969,30.30293,0,5922.620881,95.199462,0,912.937821,54.571448,0
id345.png,Full,2713,5431,4062.332734,1.336917,1561.007631,0.515772,0.493687,2.319079,5810.95882,1039.127574,6652.530042,3.976,4060.077034,2.255701,0,2112.419509,4.721511,0,6637.696978,14.833064,0,1031.350813,7.776762,0
id355.png,Full,977,1926,1402.784449,1.372984,545.887349,0.545177,0.509761,1.698089,1894.545208,408.40202,2430.209802,2.927,1402.784449,0,0,773.319901,0,0,2430.209802,0,0,408.40202,0,0
id356.png,Full,1468,3020,2425.482377,1.245113,975.412476,0.542587,0.511516,1.901233,3432.400325,683.674069,4174.600006,2.366,2425.482377,0,0,1328.502767,0,0,4174.600006,0,0,683.674069,0,0
id357.png,Full,1795,2015,2076.427274,0.970417,852.727685,0.553248,0.511516,2.472789,3004.549147,623.529035,3650.065121,2.28,2070.245575,6.181699,0,1148.118475,13.663362,0,3607.140403,42.924718,0,599.737645,23.79139,0
id358.png,Full,2889,3653,3852.704626,0.948165,1468.134161,0.509721,0.467587,2.413371,5633.376197,990.698961,6219.058024,2.795,3844.077349,8.627277,0,1961.311108,18.239493,0,6161.756967,57.301058,0,960.357085,30.341876,0
id359.png,Full,3057,6406,5749.516643,1.114181,2181.32001,0.503292,0.457905,2.690749,8589.971016,1451.928153,9166.562484,5.261,5740.65591,8.860733,0,2897.606412,19.598971,0,9104.843148,61.719336,0,1417.504882,34.423271,0
id360.png,Full,2207,4359,3259.046626,1.337508,1215.432605,0.508567,0.465667,2.130591,4595.735092,844.474182,5266.90217,3.314,3256.961763,2.084863,0,1671.698278,4.27629,0,5253.467809,13.434361,0,837.583277,6.890905,0
id361.png,Full,2696,4926,3816.612734,1.290673,1308.598637,0.466466,0.423333,2.462985,5462.201857,852.606117,5658.87528,3.863,3803.789171,12.823564,0,1772.869729,27.879781,0,5571.288364,87.586915,0,804.856871,47.749246,0
id362.png,Full,1183,2607,2307.334567,1.129875,919.306405,0.516602,0.478947,2.039043,3522.650715,590.971471,3771.255503,3.178,2306.93816,0.396408,0,1199.283667,0.801336,0,3768.738032,2.517471,0,589.699156,1.272315,0
id381.png,Full,1877,2123,2000.906646,1.061019,734.772276,0.478634,0.457905,2.159,2997.32032,438.575545,3043.592408,1.575,2000.205138,0.701509,0,967.290157,1.461003,0,3039.002532,4.589876,0,436.184367,2.391178,0
id382.png,Full,116,136,209.816083,0.648187,83.544188,0.509375,0.416935,2.027144,338.203449,60.84256,337.707276,0.186,209.645245,0.170838,0,107.152258,0.343307,0,336.628745,1.078531,0,60.30071,0.541849,0
id383.png,Full,814,1558,1254.93607,1.241498,483.430037,0.529673,0.473301,2.074333,1756.095692,350.604856,2099.834909,1.621,1254.192229,0.743842,0,666.790001,1.512331,0,2095.083779,4.751129,0,348.189688,2.415168,0
id384.png,Full,2055,4226,3305.923242,1.278312,1233.276207,0.524364,0.473301,3.31527,4478.159992,925.718389,5496.429095,2.176,3294.964624,10.958619,0,1721.656931,27.639497,0,5409.597053,86.832042,0,869.67578,56.042609,0
id385.png,Full,1332,1478,1564.716746,0.94458,598.563319,0.508141,0.457905,2.424854,2345.602024,404.085435,2520.222608,1.334,1562.939992,1.776754,0,798.230349,3.926599,0,2507.886834,12.335774,0,397.245128,6.840307,0
id386.png,Full,760,870,1091.845163,0.796816,410.219162,0.470414,0.423333,1.693333,1765.538429,227.16567,1626.901104,0.97,1091.845163,0,0,517.84723,0,0,1626.901104,0,0,227.16567,0,0
id387.png,Full,1383,1815,1605.340125,1.130602,612.488918,0.517739,0.478947,2.155262,2290.095333,422.497241,2637.88962,1.441,1604.778016,0.562109,0,838.454906,1.168506,0,2634.21865,3.67097,0,420.588436,1.908805,0
id388.png,Full,1452,3060,2581.712162,1.18526,932.816683,0.498399,0.45001,2.799127,3645.336543,680.916744,4081.819379,1.4,2562.355317,19.356845,0,1254.02998,44.989322,0,3940.481256,141.338123,0,598.111826,82.804918,0
id389.png,Full,1112,2141,1841.056731,1.162919,628.133152,0.425652,0.401609,1.446785,2920.71593,305.988244,2480.629043,1.899,1841.056731,0,0,789.369425,0,0,2480.629043,0,0,305.988244,0,0
id390.png,Full,1435,1823,1675.318851,1.088151,624.200813,0.521432,0.473301,2.127224,2266.352538,457.777917,2773.990304,1.066,1674.783044,0.535807,0,881.803563,1.108008,0,2770.509394,3.48091,0,455.977711,1.800206,0
id404.png,Full,918,1139,1410.052041,0.807772,560.118951,0.534462,0.473301,3.081913,2103.152007,413.484468,2385.044373,0.764,1404.980034,5.072007,0,746.497648,12.642015,0,2345.328313,39.716061,0,388.284555,25.199913,0
id405.png,Full,1652,3288,3278.344495,1.002945,1226.614034,0.480198,0.441973,3.057979,5168.999924,762.687072,4971.153931,3.956,3262.486469,15.858025,0,1545.051516,36.883692,0,4855.101467,116.052464,0,694.196062,68.49101,0
id406.png,Full,750,834,1113.136452,0.749234,449.616036,0.520711,0.455944,2.792717,1785.03898,312.594069,1828.109781,1.794,1108.279743,4.856708,0,570.755035,11.118775,0,1793.179118,34.930663,0,292.368191,20.225878,0
id407plant1.png,Full,698,1148,1364.214796,0.84151,448.697579,0.396019,0.341302,2.160659,2330.817356,218.585346,1711.925748,7.14,1362.583824,1.630973,0,541.335065,3.436646,0,1701.129205,10.796542,0,212.895068,5.690278,0
id407plant2.png,Full,390,424,743.586043,0.57021,235.112881,0.365995,0.330634,1.285428,1333.750027,94.337781,860.464246,1.259,743.586043,0,0,273.857478,0,0,860.464246,0,0,94.337781,0,0
id408.png,Full,2400,3185,3402.840886,0.935983,1133.047465,0.43926,0.381,2.883643,5362.569244,720.261084,4737.148998,5.783,3394.790868,8.050018,0,1488.748402,18.895787,0,4677.786131,59.362867,0,685.07957,35.181514,0
id409.png,Full,283,289,357.065877,0.809374,124.416418,0.429655,0.381,1.354667,592.007549,61.201879,485.312442,0.671,357.065877,0,0,154.477744,0,0,485.312442,0,0,61.201879,0,0
id410.png,Full,2400,2933,3414.891219,0.858885,1307.039053,0.492171,0.455944,2.526559,5321.726849,806.111771,5325.945982,4.473,3410.689431,4.201788,0,1685.919327,9.296123,0,5296.741351,29.204631,0,789.886396,16.225375,0
id411.png,Full,1799,3755,3040.633868,1.23494,1152.753967,0.50828,0.473301,3.018756,4402.300103,776.508709,4904.473254,3.762,3029.325172,11.308696,0,1534.549782,26.215921,0,4822.113508,82.359746,0,728.16404,48.344669,0
id412.png,Full,543,843,913.384719,0.922941,280.788865,0.40346,0.341302,1.612005,1456.655842,162.454351,1165.96985,0.833,913.384719,0,0,371.081798,0,0,1165.96985,0,0,162.454351,0,0
id413.png,Full,1285,1595,2032.381668,0.784794,767.567461,0.480881,0.435848,2.222399,3217.904381,459.17335,3094.002703,2.312,2030.482168,1.899499,0,980.772916,4.048893,0,3081.28273,12.719972,0,452.390093,6.783257,0
id414.png,Full,3262,3940,4241.047724,0.929016,1607.671516,0.507444,0.45001,2.513046,6337.960202,1111.824422,6813.414551,5.015,4233.844266,7.203458,0,2152.948236,15.667149,0,6764.194752,49.219799,0,1084.967559,26.856863,0
id424.png,Full,783,1601,1509.804458,1.060402,527.167852,0.459728,0.390294,2.215939,2330.59888,331.793199,2193.338641,2.852,1508.886147,0.918311,0,696.10599,1.926671,0,2187.285825,6.052816,0,328.615378,3.177821,0
id425.png,Full,2240,4580,3570.551985,1.282715,1334.209697,0.510546,0.457905,2.785649,5113.395412,988.385716,5788.33966,5.397,3542.896667,27.655317,0,1777.766973,64.271379,0,5586.425168,201.914492,0,870.208546,118.17717,0
id426.png,Full,2177,2557,2806.705501,0.911033,1076.323116,0.511723,0.435848,2.864938,4260.079359,804.643213,4540.254374,2.271,2776.723505,29.981995,0,1378.76105,66.35613,0,4331.790442,208.463932,0,688.328769,116.314444,0
id427.png,Full,3208,4370,4224.327624,1.034484,1542.47541,0.501556,0.455944,2.5191,6025.490184,1077.339563,6709.364535,3.106,4216.645219,7.682405,0,2118.731629,16.702915,0,6656.890779,52.473756,0,1048.679864,28.659698,0
id428.png,Full,1459,2977,2413.646026,1.233404,837.174849,0.478795,0.431717,2.235264,3415.338886,559.080568,3654.211808,3.771,2410.32836,3.317666,0,1155.812588,6.981866,0,3632.27763,21.934178,0,547.532047,11.548521,0
id429.png,Full,1849,2215,2029.699828,1.091294,764.51684,0.522958,0.482674,2.993419,2798.586526,563.351869,3375.143169,1.081,2019.392863,10.306965,0,1050.722781,23.533666,0,3301.209977,73.933192,0,520.501796,42.850074,0
id438.png,Full,2673,3019,3165.851035,0.953614,1296.209325,0.542725,0.509761,2.286,4684.867052,892.35928,5442.156503,5.105,3163.781579,2.069456,0,1727.921924,4.336461,0,5428.533108,13.623394,0,885.213743,7.145537,0
id439.png,Full,2095,4453,3239.644038,1.374534,1207.207263,0.520307,0.493687,2.244066,4373.20887,850.539008,5348.807321,3.111,3237.599381,2.044657,0,1698.038444,4.239567,0,5335.488328,13.318993,0,843.627215,6.911793,0
id440.png,Full,1768,2180,2076.523466,1.049832,743.748064,0.480775,0.423333,2.294607,3069.760234,485.150025,3167.85887,2.088,2073.677226,2.84624,0,1002.27212,6.029992,0,3148.915093,18.943777,0,475.098365,10.05166,0
id441.png,Full,2810,3500,4617.298841,0.758019,1649.951449,0.450534,0.399372,2.821446,7587.625316,970.023471,6567.746285,6.049,4595.62009,21.678752,0,2040.664779,49.817701,0,6411.23936,156.506925,0,879.269715,90.753756,0
id442.png,Full,1223,2267,1694.980093,1.337479,566.691967,0.443285,0.416935,1.680585,2509.587982,329.439672,2390.540302,2.036,1694.980093,0,0,760.628408,0,0,2390.540302,0,0,329.439672,0,0
id443.png,Full,1810,3730,3233.08977,1.153695,1295.411388,0.553973,0.509761,2.932023,4521.209175,998.794284,5668.746074,3.158,3216.837723,16.252048,0,1766.904196,37.15622,0,5552.016365,116.729709,0,931.353715,67.440569,0
id444.png,Full,2237,2627,2738.738615,0.959201,1057.759085,0.497585,0.473301,2.387615,4209.495151,659.772009,4331.208449,2.804,2734.397169,4.341445,0,1369.258849,9.333301,0,4301.887018,29.321431,0,643.955597,15.816411,0
id445.png,Full,1700,1868,1889.137038,0.988811,724.847117,0.5035,0.473301,1.635733,2826.502985,449.331982,3017.721112,1.371,1889.137038,0,0,960.502777,0,0,3017.721112,0,0,449.331982,0,0
id446.png,Full,1347,2625,2357.121336,1.113647,858.386276,0.465048,0.423333,2.146095,3710.002516,496.081211,3470.23855,2.953,2356.525661,0.595675,0,1103.181855,1.235864,0,3466.355968,3.882581,0,494.066587,2.014624,0
id447.png,Full,973,1099,1371.9748,0.801035,530.44876,0.481763,0.455944,1.620322,2204.05903,294.000634,2092.939438,0.96,1371.9748,0,0,666.155968,0,0,2092.939438,0,0,294.000634,0,0
id448.png,Full,1920,2216,2402.125869,0.922516,1010.778444,0.555102,0.509761,2.948176,3581.456977,730.086007,4225.052548,2.316,2391.73325,10.39262,0,1320.340092,24.510559,0,4148.050355,77.002192,0,684.090452,45.995556,0
id449.png,Full,2390,2744,2926.190077,0.937738,1177.752125,0.533551,0.478947,3.048294,4359.479398,849.005656,4954.07343,2.898,2907.867435,18.322642,0,1534.456587,42.418435,0,4820.811986,133.261444,0,771.039841,77.965815,0
id450.png,Full,2894,3440,3931.824947,0.874912,1638.981937,0.545429,0.508,2.665656,5935.567787,1153.753444,6799.470936,4.087,3907.60916,24.215788,0,2108.335371,55.858255,0,6623.81252,175.658415,0,1051.844879,101.908565,0
id451.png,Full,1782,3520,2794.918042,1.259429,1137.306417,0.547749,0.509761,2.384235,4021.021812,825.235375,4861.859419,2.786,2791.056425,3.861617,0,1538.959091,8.265611,0,4835.892237,25.967182,0,811.308739,13.926636,0
id459.png,Full,556,600,705.814109,0.850082,244.003992,0.45767,0.381,2.047813,1112.360585,165.687451,1025.028118,0.619,705.648407,0.165702,0,325.940507,0.336076,0,1023.972304,1.055814,0,165.152066,0.535384,0
id460.png,Full,737,801,1072.269023,0.747014,396.915425,0.456599,0.416935,2.240469,1785.595404,221.216489,1545.307485,1.305,1070.428769,1.840254,0,488.001007,3.876818,0,1533.128103,12.179382,0,214.796829,6.419659,0
id461.png,Full,754,822,1019.423824,0.806338,365.635917,0.474643,0.399372,2.636928,1616.247956,260.133638,1525.698105,0.958,1010.900146,8.523678,0,466.23039,19.382632,0,1464.805771,60.892334,0,225.271138,34.862501,0
id462.png,Full,825,887,1048.643712,0.845854,367.258226,0.449526,0.378641,1.964285,1689.319659,223.432839,1495.343298,1.316,1048.643712,0,0,475.963806,0,0,1495.343298,0,0,223.432839,0,0
id463.png,Full,805,881,1015.143003,0.867858,373.553016,0.486257,0.423333,2.41634,1577.041575,246.681064,1560.682029,0.887,1012.741263,2.40174,0,491.520077,5.252102,0,1544.182063,16.499966,0,237.631529,9.049535,0
id465.png,Full,526,564,745.406829,0.756634,285.461347,0.49704,0.431717,2.404444,1190.188199,201.741162,1177.338008,0.821,739.835332,5.571497,0,362.393036,12.336272,0,1138.582468,38.75554,0,180.238395,21.502767,0
id480.png,Full,2583,5099,3834.523303,1.329761,1324.922529,0.484843,0.435848,2.754596,5270.46783,936.310648,5895.942763,2.852,3815.012577,19.510726,0,1832.204683,44.105032,0,5757.382717,138.560045,0,857.566859,78.743789,0
id482.png,Full,1850,3506,2420.725939,1.448326,839.13049,0.518406,0.457905,4.386559,3131.634976,781.771774,3996.756965,3.372,2392.497101,28.228838,0,1191.7147,80.164329,0,3744.913298,251.843667,0,591.246781,190.524993,0
id483.png,Full,3158,6452,5020.543815,1.28512,1742.088362,0.48469,0.441973,2.889851,6953.881152,1211.211254,7708.940996,4.104,5004.058418,16.485397,0,2414.91303,38.378685,0,7588.370802,120.570195,0,1140.327655,70.883599,0
id484.png,Full,1950,3698,3120.028619,1.185246,1069.437825,0.456555,0.419079,2.369533,4632.667143,670.833757,4513.837214,3.177,3113.92759,6.101029,0,1423.438741,13.027749,0,4472.909332,40.927882,0,648.937779,21.895978,0
id485.png,Full,1543,1963,2221.585226,0.883603,856.244703,0.542594,0.457905,3.239814,3203.802297,723.431382,3807.103662,1.808,2198.790142,22.795084,0,1155.452155,56.359361,0,3630.045508,177.058153,0,612.141056,111.290325,0
id486.png,Full,2095,4502,3272.355412,1.375767,1167.651787,0.511649,0.465667,3.57209,4338.153924,908.047285,5307.634847,2.765,3255.011937,17.343475,0,1645.915,43.189666,0,5171.950509,135.684338,0,820.957462,87.089823,0
id494.png,Full,560,598,686.631501,0.870918,268.42509,0.502211,0.455944,1.861223,1073.955591,168.488662,1094.256576,0.566,686.631501,0,0,348.239186,0,0,1094.256576,0,0,168.488662,0,0
id495.png,Full,2238,4498,3184.84485,1.412314,1176.685819,0.525903,0.478947,2.85397,4253.544843,898.140928,5321.547886,3.346,3174.237297,10.607553,0,1669.635219,23.95279,0,5246.155712,75.392174,0,855.171232,42.969696,0
id496.png,Full,1781,2127,2004.704675,1.061004,740.691171,0.521368,0.465667,2.385738,2788.829076,563.275204,3315.519823,1.32,2000.104352,4.600323,0,1045.444882,9.901826,0,3284.412318,31.107505,0,546.496208,16.778996,0
id497.png,Full,2453,3149,3052.789356,1.031516,1156.479766,0.546358,0.493687,3.483701,4115.493789,968.013826,5284.176443,1.737,3026.440871,26.348485,0,1615.27198,66.67245,0,5074.718764,209.457679,0,832.029104,135.984722,0
id498.png,Full,2764,5730,4286.246083,1.336834,1693.203155,0.560746,0.508,3.786408,5824.060264,1482.221928,7645.003862,3.892,4238.89188,47.354203,0,2308.162863,124.824461,0,7252.596261,392.407601,0,1215.811248,266.41068,0
id499.png,Full,2945,5262,3663.690657,1.436257,1248.106823,0.499491,0.441973,3.897656,4830.821889,1037.783462,5822.43112,2.568,3631.934765,31.755892,0,1769.396864,83.473265,0,5560.192123,262.238997,0,859.539004,178.244458,0
id500.png,Full,3456,4692,4416.804317,1.062307,1738.972329,0.545837,0.508,2.694077,6158.449079,1305.967825,7641.740506,3.568,4404.209848,12.594469,0,2404.557381,27.672418,0,7554.80504,86.935466,0,1257.927069,48.040756,0
id502.png,Full,2568,5069,3965.229701,1.278362,1378.616418,0.484067,0.423333,2.455333,5653.296202,989.600502,6101.544939,4.27,3957.636218,7.593484,0,1925.278604,16.294429,0,6050.35448,51.190459,0,962.079815,27.520687,0
id503.png,Full,3541,7593,6586.764478,1.152766,2349.510982,0.490188,0.423333,3.161141,9619.178991,1717.173335,10227.674857,5.628,6539.84891,46.915568,0,3145.350295,109.254792,0,9884.123971,343.550886,0,1514.438644,202.734691,0
id504.png,Full,3473,4541,4713.287404,0.963446,1716.76404,0.493993,0.45001,2.544582,6818.821123,1130.621387,7363.756156,2.764,4706.913959,6.373445,0,2329.640312,14.256135,0,7318.969187,44.786969,0,1105.443048,25.178338,0
id505.png,Full,4385,5527,5945.072509,0.929677,2138.648052,0.483932,0.423333,2.997308,8877.303319,1442.752617,9108.605543,4.677,5922.973023,22.099486,0,2847.600736,51.562931,0,8946.615817,161.989726,0,1347.34054,95.412077,0
id506.png,Full,2565,3241,3481.464674,0.93093,1320.696283,0.524711,0.455944,2.463349,5016.58945,1001.425715,5774.594865,3.581,3469.526994,11.937679,0,1812.212434,25.801802,0,5693.536113,81.058752,0,957.472205,43.953511,0
id507.png,Full,4194,5552,6113.559715,0.908145,2215.425677,0.481799,0.435848,3.219839,9066.185355,1393.662075,9308.874776,4.925,6095.456625,18.103089,0,2921.236435,41.795319,0,9177.57091,131.303866,0,1316.318777,77.343299,0
id508.png,Full,4244,8488,7218.666434,1.17584,2382.314232,0.431266,0.390294,2.557228,10965.529419,1325.561324,9842.855014,5.654,7208.703788,9.962646,0,3110.425044,21.7336,0,9774.576897,68.278117,0,1288.18792,37.373404,0
id516.png,Full,2579,3085,3287.866335,0.938298,1218.28027,0.492492,0.423333,2.305127,4933.541352,837.662409,5138.312747,4.379,3282.072534,5.793801,0,1623.304449,12.140438,0,5100.172436,38.140312,0,817.658858,20.003551,0
id517.png,Full,1629,3265,2592.005105,1.259643,977.440697,0.511436,0.465667,3.269548,3738.181389,710.599769,4206.956388,3.909,2577.162564,14.842542,0,1301.906296,36.89004,0,4091.062909,115.89348,0,637.115863,73.483905,0
id518.png,Full,3211,3905,4025.42609,0.970084,1545.015727,0.527595,0.473301,3.005667,5755.315937,1137.012899,6727.239071,3.477,4008.557307,16.868783,0,2102.317401,38.8769,0,6605.103686,122.135385,0,1065.823118,71.189781,0
id519.png,Full,2352,4767,3742.445457,1.273766,1395.369073,0.520201,0.478947,2.257998,5146.718846,1010.505075,6168.663367,4.308,3736.470547,5.97491,0,1950.635917,12.470059,0,6129.487522,39.175845,0,990.047334,20.457742,0
id520.png,Full,1728,3517,2746.396148,1.280587,1030.453584,0.522758,0.465667,2.964845,3866.503128,809.170504,4547.712018,3.41,2723.90466,22.491488,0,1395.071897,52.146133,0,4383.89011,163.821908,0,713.03558,96.134925,0
id521.png,Full,2018,3731,2751.14439,1.356163,1003.237689,0.503284,0.455944,2.753945,3913.282202,729.087828,4398.425652,4.361,2741.194508,9.949882,0,1377.314675,22.314926,0,4328.321246,70.104406,0,689.493854,39.593973,0
id522.png,Full,1099,2349,1696.572168,1.384556,674.41711,0.568817,0.508,3.744766,2250.227037,587.266915,3070.063164,2.962,1685.095536,11.476632,0,946.258744,30.810207,0,2973.270044,96.793121,0,519.521743,67.745172,0
id523.png,Full,2013,4422,3867.439037,1.143392,1397.150432,0.497058,0.423333,3.240091,5665.635177,1046.606298,6083.621512,4.865,3844.003924,23.435113,0,1879.987256,56.125783,0,5907.297164,176.324348,0,939.35777,107.248529,0
id524.png,Full,2187,4439,3441.390086,1.289886,1262.406077,0.509816,0.457905,2.414485,4797.651853,911.3387,5560.845257,3.24,3433.078698,8.311388,0,1751.975187,17.709106,0,5505.210459,55.634797,0,881.645147,29.693552,0
id525.png,Full,1273,2452,1921.348866,1.276187,737.26331,0.527903,0.465667,2.520878,2780.87966,566.554473,3223.433926,2.941,1912.207831,9.141036,0,1005.789048,20.011331,0,3160.566474,62.867452,0,532.02516,34.529313,0
id526.png,Full,2434,5239,4275.79664,1.225269,1553.12503,0.499636,0.455944,2.396605,6074.944647,1086.539895,6767.536565,4.995,4264.58776,11.20888,0,2129.781158,23.926833,0,6692.368204,75.168362,0,1046.357389,40.182506,0
id527.png,Full,869,1869,1596.569729,1.170635,611.898866,0.53658,0.45001,2.735664,2274.128477,497.566507,2717.401569,1.302,1587.621321,8.948408,0,845.287903,19.485952,0,2656.184647,61.216923,0,463.995107,33.571399,0
id528.png,Full,4564,9091,7051.864797,1.289163,2623.854967,0.510722,0.473301,2.480387,9853.501837,1809.482088,11432.621979,6.422,7045.237094,6.627703,0,3624.288253,14.077143,0,11388.39733,44.224649,0,1785.93431,23.547778,0
id529.png,Full,1661,3427,2430.658027,1.409906,948.377136,0.576379,0.516744,2.874305,3050.138789,831.866852,4458.154075,2.835,2419.978207,10.67982,0,1394.521078,24.242155,0,4381.995101,76.158975,0,788.246132,43.62072,0
id530.png,Full,3237,6507,4971.404242,1.308886,1866.470281,0.544744,0.495499,2.932023,6464.078506,1510.623853,8591.394311,5.399,4950.580302,20.823941,0,2687.196425,46.930759,0,8443.956983,147.437327,0,1426.678783,83.94507,0
id531plant1.png,Full,2179,4639,3374.688526,1.374645,1223.390026,0.518992,0.473301,2.968167,4455.909224,921.202013,5555.747629,3.877,3363.73053,10.957996,0,1741.400012,26.703306,0,5471.856719,83.89091,0,869.438458,51.763556,0
id531plant2.png,Full,257,301,404.247498,0.744593,181.389422,0.582326,0.550333,1.743907,623.048003,131.73639,745.238859,0.595,404.247498,0,0,237.209293,0,0,745.238859,0,0,131.73639,0,0
id531plant3.png,Full,169,183,205.895951,0.888798,83.693829,0.526469,0.509761,1.366521,316.799713,52.467014,343.395655,0.181,205.895951,0,0,109.286519,0,0,343.395655,0,0,52.467014,0,0
id532.png,Full,3667,4365,4370.769578,0.99868,1755.073103,0.549563,0.509761,3.294393,6173.490854,1330.383301,7632.371868,4.295,4348.61147,22.158108,0,2376.269165,53.040737,0,7465.73948,166.632389,0,1228.652452,101.730849,0
id533.png,Full,3049,5931,4614.122942,1.285401,1715.674436,0.511802,0.473301,2.47858,6438.087023,1187.021283,7496.842657,4.213,4610.1129,4.010042,0,2377.059756,8.655242,0,7469.651413,27.191245,0,1172.287314,14.733969,0
id552.png,Full,2039,4605,4307.014421,1.069186,1569.960122,0.498485,0.431717,3.255541,6318.53804,1148.699293,6787.352266,6.575,4289.736831,17.277589,0,2118.530625,41.467035,0,6657.079734,130.272533,0,1068.96649,79.732803,0
id553.png,Full,1513,3247,2697.43927,1.203734,944.020961,0.475672,0.425445,2.047813,3916.452963,610.467573,4054.268486,3.089,2697.243634,0.195636,0,1289.7628,0.396212,0,4053.023749,1.244737,0,609.837312,0.630261,0
id554.png,Full,1896,2526,2526.188043,0.999926,934.28711,0.537443,0.455944,2.756547,3475.818995,828.009351,4292.232254,1.841,2499.358741,26.829301,0,1304.653864,61.530988,0,4098.926955,193.305299,0,716.413263,111.596088,0
id555.png,Full,1623,1915,2042.501211,0.937576,801.718379,0.53437,0.473301,3.159156,2972.564747,597.179771,3458.760569,1.467,2033.216263,9.284948,0,1078.653799,22.261364,0,3388.82443,69.936139,0,554.473769,42.706002,0
id556.png,Full,1073,1199,1418.170009,0.845456,524.058092,0.500823,0.416935,2.5191,2187.07304,389.832229,2245.551362,1.356,1412.495687,5.674322,0,702.015805,12.748877,0,2205.499583,40.051779,0,367.220379,22.61185,0
id557.png,Full,2538,3054,3785.266648,0.806812,1385.162104,0.484517,0.416935,3.187112,5919.121394,984.754658,5795.766757,4.148,3756.828164,28.438484,0,1775.04416,69.775953,0,5576.559136,219.207621,0,848.132575,136.622083,0
id570.png,Full,1027,1283,1323.923772,0.969089,457.877668,0.519848,0.399372,2.634889,1833.192826,419.901682,2176.111953,1.07,1314.117178,9.806593,0,671.383378,21.263362,0,2109.311132,66.800821,0,383.504303,36.397378,0
id573.png,Full,1071,1239,1167.982578,1.060803,433.051553,0.510276,0.455944,2.497667,1668.447501,306.588874,1892.232011,0.865,1166.031978,1.9506,0,597.904704,4.365312,0,1878.517978,13.714033,0,298.885261,7.703613,0
id574.png,Full,421,495,584.482292,0.846903,260.486486,0.63459,0.550333,2.27972,821.87539,235.572758,1169.134132,0.418,583.150038,1.332254,0,369.265986,2.876397,0,1160.097663,9.036469,0,230.688291,4.884467,0
id575.png,Full,1571,2699,1976.141746,1.365793,660.284522,0.445824,0.401609,2.209865,2931.521087,405.330984,2800.816467,5.083,1974.732088,1.409657,0,888.359851,2.94526,0,2791.563661,9.252806,0,400.493549,4.837435,0
id576.png,Full,239,275,367.359045,0.748586,121.654775,0.445192,0.364165,2.057417,583.732068,81.332205,517.305565,0.493,367.163409,0.195636,0,164.267067,0.396408,0,516.060212,1.245353,0,80.701318,0.630887,0
id577.png,Full,1878,3710,2966.78054,1.250514,1058.138565,0.486804,0.441973,2.163561,4232.818189,699.832696,4575.839418,3.994,2965.784825,0.995715,0,1454.160429,2.060909,0,4569.364881,6.474536,0,696.481005,3.351691,0
id578.png,Full,1320,2862,2424.77355,1.180316,1038.940126,0.574976,0.530435,2.84422,3520.238534,793.528358,4425.14633,2.332,2415.461054,9.312496,0,1386.450634,21.847369,0,4356.510796,68.635533,0,752.787267,40.741091,0
id579.png,Full,479,527,665.079359,0.792387,224.845428,0.436164,0.378641,1.552543,1073.4293,123.51944,914.027688,0.647,665.079359,0,0,290.944049,0,0,914.027688,0,0,123.51944,0,0
id580.png,Full,1160,1300,1276.12668,1.018708,515.824237,0.585382,0.511516,2.862748,1717.397624,460.876809,2373.873397,0.77,1267.880038,8.246642,0,736.003483,19.476511,0,2312.686133,61.187264,0,424.329428,36.547381,0
id591.png,Full,4272,8078,6210.40693,1.30072,2174.726385,0.481052,0.441973,2.753945,8768.159184,1428.70516,9479.478855,5.732,6203.549767,6.857163,0,3000.898303,15.867796,0,9429.628703,49.850152,0,1399.662539,29.042621,0
id592.png,Full,2293,4197,2866.273678,1.464271,965.892781,0.453494,0.419079,2.616803,4159.398253,597.362444,4143.593012,6.395,2862.396653,3.877025,0,1309.670503,8.892809,0,4115.655427,27.937585,0,581.24785,16.114594,0
id593.png,Full,4620,8782,6696.897108,1.311354,2228.754951,0.45182,0.416935,1.925585,9644.996333,1339.382815,9592.275047,6.319,6696.897108,0,0,3052.488357,0,0,9592.275047,0,0,1339.382815,0,0
id594.png,Full,1797,3573,3036.098933,1.176839,1212.799098,0.552485,0.509761,2.366505,4213.433136,912.475753,5319.273412,2.717,3031.692483,4.406449,0,1682.987519,9.92761,0,5288.084904,31.188508,0,894.878569,17.597183,0
id595.png,Full,2872,5123,4006.599087,1.278641,1291.134066,0.432549,0.390294,1.780015,5871.327728,736.174313,5489.494036,5.557,4006.599087,0,0,1746.813849,0,0,5489.494036,0,0,736.174313,0,0
id596.png,Full,3177,5795,4594.163844,1.261383,1550.726289,0.450656,0.399372,2.34826,6814.822706,941.479468,6568.389289,7.098,4591.283157,2.880687,0,2083.939371,6.23344,0,6548.806361,19.582928,0,930.856556,10.622911,0
id603.png,Full,1980,3728,2885.230306,1.292098,1059.177989,0.497942,0.457905,1.895569,4134.71588,696.148258,4560.504613,3.207,2885.230306,0,0,1451.265101,0,0,4560.504613,0,0,696.148258,0,0
id604.png,Full,3331,6640,5276.274517,1.258464,1937.720139,0.502126,0.467587,2.291481,7460.96977,1291.853672,8392.211171,6.178,5273.66775,2.606767,0,2665.264672,5.580376,0,8374.679903,17.531268,0,1282.457067,9.396605,0
id605.png,Full,1515,3054,2351.151311,1.298938,844.765784,0.479757,0.441973,2.06394,3433.727273,531.460635,3583.042959,2.058,2350.513303,0.638009,0,1138.899921,1.292038,0,3578.983902,4.059057,0,529.405464,2.055171,0
id606.png,Full,3616,6510,4753.480401,1.369523,1641.154424,0.478316,0.431717,1.969751,6661.861581,1079.034031,7218.39313,6.495,4753.480401,0,0,2297.176964,0,0,7218.39313,0,0,1079.034031,0,0
id608.png,Full,3079,3789,3760.453501,1.007591,1298.677062,0.439796,0.416935,2.18704,5923.816493,699.169175,5243.647868,4.501,3759.56362,0.889881,0,1667.076695,1.867075,0,5237.78228,5.865588,0,696.090491,3.078684,0
id621.png,Full,2298,4494,3931.951173,1.142944,1380.204229,0.4582,0.419079,2.125538,5984.739093,803.786844,5702.139736,5.674,3930.54302,1.408153,0,1811.661014,2.891395,0,5693.056151,9.083585,0,799.122841,4.664003,0
id622.png,Full,3669,7199,5849.147856,1.230778,1928.713884,0.442031,0.401609,2.52372,8640.507036,1148.331175,8185.323741,5.971,5840.925131,8.222725,0,2586.396539,18.378827,0,8127.584954,57.738787,0,1115.925322,32.405854,0
id623.png,Full,2090,3951,2964.939121,1.332574,980.052251,0.444766,0.416935,1.635185,4277.558683,562.910548,4181.670293,3.226,2964.939121,0,0,1330.714943,0,0,4181.670293,0,0,562.910548,0,0
id624.png,Full,4748,9369,6848.579378,1.368021,2383.386362,0.477686,0.441973,1.92791,9606.070664,1507.424682,10378.86837,7.313,6848.579378,0,0,3302.992669,0,0,10378.86837,0,0,1507.424682,0,0
id625.png,Full,2764,3194,3063.617682,1.042558,1159.667932,0.50358,0.473301,1.797049,4475.839084,741.867984,4899.099807,4.476,3063.617682,0,0,1559.320156,0,0,4899.099807,0,0,741.867984,0,0
id626.png,Full,3805,6990,5102.054964,1.370036,1790.800182,0.48312,0.45001,1.996859,7122.252654,1177.19894,7840.751527,5.433,5102.054964,0,0,2495.043717,0,0,7840.751527,0,0,1177.19894,0,0
id627.png,Full,2633,4690,3659.83422,1.281479,1180.45194,0.435746,0.381,2.256807,5386.891144,719.888781,5052.078889,3.341,3658.230431,1.603789,0,1604.220548,3.424813,0,5041.319522,10.759367,0,714.137953,5.750827,0
id628.png,Full,2305,4596,4381.007281,1.049074,1515.388994,0.441528,0.401609,2.376707,6864.134824,840.730409,6120.967402,4.725,4378.639988,2.367293,0,1942.801297,5.086749,0,6104.98691,15.980492,0,832.12417,8.606239,0
id636.png,Full,2665,5195,3854.662309,1.347719,1331.165348,0.493284,0.435848,2.458616,5232.529107,972.850952,6028.358425,4.042,3847.761201,6.901108,0,1903.402499,14.962516,0,5981.352295,47.00613,0,947.289632,25.56132,0
id637.png,Full,495,605,797.698171,0.758432,273.834578,0.438754,0.399372,1.844296,1282.493699,158.893272,1106.095406,0.442,797.698171,0,0,352.074767,0,0,1106.095406,0,0,158.893272,0,0
id638.png,Full,1990,3726,3196.366743,1.165699,1051.068238,0.463381,0.381,2.889851,4680.177922,794.76021,4696.694088,5.059,3183.059977,13.306766,0,1464.074433,30.629893,0,4600.467442,96.226646,0,738.706635,56.053575,0
id639.png,Full,3685,7300,6158.740435,1.185307,2064.807698,0.446967,0.390294,3.815875,9297.031628,1347.740065,8712.09404,6.08,6122.701355,36.03908,0,2675.389156,97.091425,0,8407.072333,305.021707,0,1134.45381,213.286254,0
id641.png,Full,3321,6654,5041.489388,1.319848,1660.385568,0.453303,0.401609,3.602067,7186.333202,1093.488582,7245.54149,3.068,5019.785063,21.704324,0,2250.470174,55.159596,0,7072.252509,173.288981,0,980.721317,112.767265,0
id642.png,Full,2435,2983,3101.255353,0.961869,1067.37869,0.456459,0.416935,2.320624,4680.927007,634.605946,4472.729515,2.723,3099.665467,1.589885,0,1420.199833,3.417046,0,4461.994548,10.734967,0,628.825387,5.780559,0
id650.png,Full,1845,2440,2258.736962,1.08025,795.371617,0.495468,0.425445,2.83159,3203.81846,607.820633,3543.987905,2.896,2240.716047,18.020915,0,1086.48723,41.489419,0,3413.64505,130.342855,0,532.278086,75.542547,0
id651.png,Full,290,308,404.009359,0.762359,134.09785,0.415012,0.381,1.439333,666.764957,71.302736,531.011294,0.484,404.009359,0,0,169.024141,0,0,531.011294,0,0,71.302736,0,0
id652.png,Full,2328,2834,2753.016964,1.029416,926.50666,0.470045,0.416935,3.357436,3972.6781,662.514842,4095.64843,1.353,2743.397862,9.619102,0,1278.94523,24.670472,0,4018.143856,77.504573,0,611.601513,50.913328,0
id653.png,Full,1064,1868,1852.227632,1.008515,604.031498,0.411667,0.378641,2.294607,2998.284606,316.924418,2408.744173,1.747,1850.179966,2.047666,0,762.15159,4.361225,0,2395.04298,13.701193,0,309.618111,7.306307,0
id654.png,Full,962,1476,1166.412329,1.265419,387.12109,0.461286,0.381,2.249649,1718.762385,285.212494,1709.368565,3.024,1164.080106,2.332223,0,539.028618,4.892594,0,1693.998029,15.370537,0,277.145051,8.067444,0
id655.png,Full,1532,1670,1791.407931,0.932228,562.701832,0.429539,0.34909,3.173589,2794.745961,407.906184,2444.245325,1.245,1775.387684,16.020247,0,738.005362,39.968706,0,2318.679933,125.565392,0,328.365195,79.540988,0
id663.png,Full,2141,2752,2582.234607,1.065744,916.949779,0.497759,0.455944,2.3593,3544.955674,635.765722,4073.909833,1.005,2578.365727,3.86888,0,1288.498357,8.217617,0,4048.093429,25.816404,0,622.03097,13.734752,0
id664.png,Full,724,1521,1277.357986,1.190739,491.411652,0.499008,0.465667,2.445826,1932.337961,313.962277,2022.695173,1.761,1272.97208,4.385906,0,634.084277,9.641028,0,1992.406991,30.288182,0,297.26532,16.696958,0
id665.png,Full,1662,3361,3494.78114,0.96172,1327.383994,0.494448,0.435848,3.053287,5454.713163,891.81773,5467.250302,4.706,3477.244156,17.536983,0,1699.206908,40.69147,0,5339.41428,127.836022,0,816.74839,75.06934,0
id666.png,Full,1151,1235,1320.291489,0.9354,505.273631,0.494407,0.455944,2.465894,2052.138452,318.642254,2072.154402,1.169,1317.345175,2.946314,0,653.090178,6.487036,0,2051.774778,20.379624,0,307.382889,11.259365,0
id667.png,Full,2531,2949,2883.162543,1.022835,1045.647102,0.478106,0.45001,2.455698,4279.433749,638.76241,4379.309888,2.89,2878.003484,5.159059,0,1382.643491,11.233036,0,4344.020266,35.289622,0,619.474402,19.288008,0
id668.png,Full,1762,2024,2284.735716,0.885879,860.82982,0.499883,0.441973,2.562828,3482.971691,577.944082,3617.299129,2.272,2279.127021,5.608695,0,1138.969589,12.370758,0,3578.435245,38.863883,0,556.399147,21.544934,0
id681.png,Full,1657,1935,1926.886344,1.004211,737.200587,0.509416,0.473301,1.893204,2833.109075,483.974514,3108.682092,1.252,1926.886344,0,0,989.478278,0,0,3108.682092,0,0,483.974514,0,0
id682.png,Full,2115,4117,3200.677712,1.28629,1213.199635,0.513899,0.478947,2.413371,4553.610767,820.314694,5217.728181,2.873,3199.092081,1.585631,0,1656.905385,3.503675,0,5206.721062,11.007119,0,814.216034,6.09866,0
id683.png,Full,1280,1428,1596.973035,0.894192,634.698551,0.517862,0.465667,2.224817,2471.342702,427.873083,2623.004698,2.312,1595.032707,1.940328,0,830.775303,4.088276,0,2610.161,12.843698,0,421.101064,6.772019,0
id684.png,Full,1734,1998,1894.944082,1.054385,769.287888,0.560378,0.523634,1.836506,2616.102627,573.467304,3366.268429,1.193,1894.944082,0,0,1071.43048,0,0,3366.268429,0,0,573.467304,0,0
id685.png,Full,845,1867,1729.750998,1.079346,683.515658,0.545841,0.465667,4.453056,2547.983158,622.987941,2993.32938,1.369,1709.299503,20.451494,0,890.05183,62.606203,0,2796.646194,196.683186,0,462.775181,160.21276,0
id686.png,Full,1574,1806,1808.741071,0.998485,733.687601,0.568287,0.516744,2.08854,2488.520582,570.641789,3255.842157,1.121,1808.325001,0.41607,0,1035.429472,0.848944,0,3253.175121,2.667036,0,569.28113,1.360659,0
id687.png,Full,568,638,668.755531,0.954011,254.54743,0.489439,0.455944,1.409134,1028.469777,151.772469,1038.232871,0.799,668.755531,0,0,330.470962,0,0,1038.232871,0,0,151.772469,0,0
id688.png,Full,1270,2644,2061.994793,1.282253,712.80637,0.462214,0.423333,1.947333,3022.311236,433.764942,3019.02258,1.795,2061.994793,0,0,960.770435,0,0,3019.02258,0,0,433.764942,0,0
id689.png,Full,2794,3328,3510.894477,0.947907,1364.025946,0.513822,0.473301,2.557578,5233.148658,908.197785,5713.154457,4.478,3505.369203,5.525274,0,1806.563216,11.883333,0,5675.821866,37.332591,0,888.034905,20.162881,0
id690.png,Full,1982,4116,3372.025345,1.220631,1204.274473,0.484145,0.45001,2.184991,4836.928603,777.047157,5172.62726,3.12,3369.673202,2.352144,0,1641.27148,4.863502,0,5157.348119,15.279141,0,769.144083,7.903074,0
id691.png,Full,1725,3492,2641.253111,1.3221,979.911571,0.513666,0.478947,2.424854,3626.761323,684.839709,4302.984145,2.781,2638.120809,3.132302,0,1362.594081,6.670624,0,4282.027762,20.956384,0,673.647074,11.192635,0
id692.png,Full,1551,3097,2317.473821,1.336369,856.936906,0.519879,0.473301,2.43665,3164.312696,639.863399,3817.79399,2.036,2306.707465,10.766356,0,1191.795628,23.104066,0,3745.210425,72.583565,0,600.840389,39.023011,0
id707.png,Full,1072,1220,1161.226912,1.050613,429.12235,0.507843,0.435848,2.127224,1672.728783,312.907646,1873.949417,1.327,1160.747342,0.47957,0,595.508255,0.98837,0,1870.844361,3.105057,0,311.307233,1.600412,0
id709.png,Full,920,1842,1600.806694,1.15067,605.351836,0.509718,0.45001,2.257998,2376.482498,432.63155,2585.465459,1.832,1598.542226,2.264468,0,817.977275,4.796258,0,2570.397569,15.06789,0,424.645347,7.986203,0
id710.png,Full,2320,2970,2524.822544,1.17632,1027.400275,0.629682,0.575796,2.889231,2928.884073,1019.575952,5050.271055,2.163,2515.660341,9.162202,0,1587.033972,20.429117,0,4986.091091,64.179964,0,983.402192,36.173761,0
id712.png,Full,1814,3800,2876.176945,1.321198,1172.140577,0.588537,0.550333,2.668344,3696.747854,996.634476,5376.064253,2.149,2867.206124,8.970821,0,1690.818238,20.184456,0,5312.652914,63.411339,0,960.776211,35.858265,0
id713.png,Full,1300,1509,1654.37545,0.912127,627.729031,0.507227,0.435848,2.632167,2506.165677,441.667725,2657.110151,3.19,1649.200618,5.174832,0,834.332633,11.422502,0,2621.225304,35.884847,0,421.734719,19.933006,0
id714.png,Full,1446,3033,2465.807458,1.230023,1015.562933,0.573315,0.509761,2.861809,3452.576431,832.536361,4482.666166,5.511,2454.062664,11.744794,0,1399.62319,27.036129,0,4397.72966,84.936506,0,783.207681,49.32868,0
id732.png,Full,126,148,205.70975,0.71946,90.48817,0.611316,0.493687,2.823986,313.002717,92.626392,395.241572,0.206,199.441515,6.268235,0,111.07859,14.73071,0,348.963682,46.27789,0,65.199082,27.42731,0
id735.png,Full,1943,2387,2278.125327,1.047791,878.452096,0.549978,0.508,2.582333,3044.963157,692.604125,3976.605181,1.142,2272.451886,5.673441,0,1253.453856,12.315976,0,3937.913403,38.691778,0,671.505548,21.098577,0
id736.png,Full,1633,2221,2088.673045,1.063355,830.410526,0.596631,0.538815,2.897592,2582.956571,756.523671,3943.272114,0.856,2079.313702,9.359343,0,1233.872169,21.212258,0,3876.63184,66.640274,0,718.31027,38.213401,0
id737.png,Full,2946,5803,4554.413246,1.274149,1558.369195,0.469201,0.423333,3.58136,6472.544558,1058.269612,6780.007061,4.265,4533.308335,21.104911,0,2103.202516,54.466509,0,6608.895475,171.111585,0,945.839299,112.430313,0
id738.png,Full,2159,2521,2645.828823,0.952821,996.942451,0.492406,0.455944,2.652176,4005.407043,618.251673,4125.706848,2.607,2641.640939,4.187885,0,1303.461869,9.774809,0,4094.99838,30.708468,0,600.215699,18.035974,0
id739.png,Full,1563,3023,2203.266562,1.372054,893.060042,0.608331,0.538815,2.548804,2722.807352,862.364019,4271.71735,2.665,2189.672488,13.594073,0,1329.495062,29.973565,0,4177.55262,94.16473,0,810.246715,52.117304,0
id740.png,Full,903,1067,1186.733369,0.899107,483.84043,0.549446,0.493687,2.18704,1763.815339,360.30129,2065.654255,3.787,1185.714983,1.018385,0,655.384424,2.115402,0,2059.008522,6.645733,0,356.847724,3.453565,0
id741.png,Full,650,1220,933.510443,1.306895,381.052553,0.567128,0.508,2.019615,1302.303811,305.755851,1680.39914,2.396,933.374676,0.135768,0,534.569582,0.272749,0,1679.542273,0.856867,0,305.325498,0.430352,0
id742.png,Full,581,705,828.196808,0.851247,274.758859,0.428499,0.361696,2.764662,1345.433083,167.789783,1122.884701,1.599,824.867367,3.329442,0,349.455808,7.905888,0,1098.047621,24.83708,0,152.918666,14.871117,0
id743.png,Full,1403,2964,2244.633411,1.320483,844.22143,0.523018,0.482674,2.785649,3142.962195,630.586856,3730.697237,1.502,2234.458582,10.174829,0,1164.553174,22.638829,0,3659.575259,71.121978,0,590.674875,39.911981,0
id744.png,Full,1557,2693,2242.428766,1.20093,757.485044,0.460716,0.390294,2.499101,3326.872638,537.724354,3279.366411,4.036,2231.186837,11.24193,0,1019.325481,24.304126,0,3203.012746,76.353665,0,496.322545,41.401808,0
